num__MSSubClass,num__LotArea,num__OverallCond,num__YearBuilt,num__YearRemodAdd,num__BsmtFinSF2,num__TotalBsmtSF,cat__MSZoning_C (all),cat__MSZoning_FV,cat__MSZoning_RH,cat__MSZoning_RL,cat__MSZoning_RM,cat__LotConfig_Corner,cat__LotConfig_CulDSac,cat__LotConfig_FR2,cat__LotConfig_FR3,cat__LotConfig_Inside,cat__BldgType_1Fam,cat__BldgType_2fmCon,cat__BldgType_Duplex,cat__BldgType_Twnhs,cat__BldgType_TwnhsE,cat__Exterior1st_AsbShng,cat__Exterior1st_AsphShn,cat__Exterior1st_BrkComm,cat__Exterior1st_BrkFace,cat__Exterior1st_CBlock,cat__Exterior1st_CemntBd,cat__Exterior1st_HdBoard,cat__Exterior1st_ImStucc,cat__Exterior1st_MetalSd,cat__Exterior1st_Plywood,cat__Exterior1st_Stone,cat__Exterior1st_Stucco,cat__Exterior1st_VinylSd,cat__Exterior1st_Wd Sdng,cat__Exterior1st_WdShing,SalePrice
-0.866764305,-0.21289571,0.372217301,-0.455468963,-1.346063028,-0.285504061,0.572612193,0,0,0,1,0,0,0,0,0,1,1,0,0,0,0,0,0,0,0,0,0,0,0,1,0,0,0,0,0,0,145000
0.074109959,-0.265244627,1.268608656,0.718608953,0.439213789,-0.285504061,-0.596546595,0,0,0,1,0,0,0,0,0,1,1,0,0,0,0,0,0,0,0,0,0,0,0,0,0,0,0,1,0,0,178000
-0.631545739,-0.177841462,1.268608656,-1.98829291,-1.683818102,-0.285504061,-0.603357228,0,0,0,1,0,0,0,0,0,1,1,0,0,0,0,0,0,0,0,0,0,0,0,1,0,0,0,0,0,0,85000
-0.161108607,-0.324474218,1.268608656,-1.107734473,-1.683818102,-0.285504061,-0.750920959,0,0,0,1,0,1,0,0,0,0,1,0,0,0,0,0,0,0,0,0,0,0,0,0,0,0,0,0,1,0,175000
-0.161108607,-0.529034817,0.372217301,-1.531707054,-1.683818102,-0.285504061,-0.081208644,0,0,0,1,0,0,0,0,0,1,1,0,0,0,0,0,0,0,1,0,0,0,0,0,0,0,0,0,0,0,127000
-0.866764305,-0.082720784,1.268608656,0.033730168,-0.622302156,-0.285504061,-0.380876527,0,0,0,1,0,1,0,0,0,0,1,0,0,0,0,0,0,0,0,0,0,0,0,0,0,0,0,1,0,0,149900
0.074109959,0.113564408,-0.524174055,1.109968259,0.969971762,-0.285504061,-0.857620887,0,0,0,1,0,0,0,0,0,1,1,0,0,0,0,0,0,0,0,0,0,0,0,0,0,0,0,1,0,0,174000
-0.161108607,-0.488494625,2.165000012,-1.596933605,1.066473212,-0.285504061,-0.603357228,0,0,0,0,1,0,0,0,0,1,1,0,0,0,0,0,0,0,0,0,0,0,0,0,0,0,0,1,0,0,125500
-0.866764305,0.130208202,0.372217301,0.327249648,-0.188045633,1.156167476,0.817795007,0,0,0,1,0,0,0,0,0,1,1,0,0,0,0,0,0,0,0,0,0,0,0,1,0,0,0,0,0,0,175500
-0.866764305,-0.142415286,-0.524174055,1.17519481,1.066473212,-0.285504061,0.985790638,0,0,0,1,0,0,0,0,0,1,1,0,0,0,0,0,0,0,0,0,1,0,0,0,0,0,0,0,0,0,225000
0.662156374,-0.21289571,-0.524174055,-0.161949484,-0.911806505,3.679092666,-0.562493426,0,0,0,1,0,0,0,0,0,1,1,0,0,0,0,0,0,0,0,0,0,0,0,0,0,0,0,1,0,0,129000
0.544547091,0.25201474,-0.524174055,-0.161949484,-0.911806505,0.523855398,-0.085749066,0,0,0,1,0,0,0,0,0,1,1,0,0,0,0,0,0,0,0,0,0,0,0,0,0,0,0,1,0,0,159950
-0.866764305,0.110681963,-0.524174055,0.229409821,-0.332797807,-0.285504061,0.47499311,0,0,0,1,0,0,0,0,0,1,1,0,0,0,0,0,0,0,0,0,0,0,0,0,1,0,0,0,0,0,157000
0.074109959,0.270611158,0.372217301,-0.19456276,0.24621089,-0.285504061,-0.666923143,0,0,0,1,0,0,0,0,0,1,1,0,0,0,0,0,0,0,0,0,0,1,0,0,0,0,0,0,0,0,205000
-0.866764305,-0.101317202,-0.524174055,-0.064109658,-0.76705433,-0.285504061,0.232080507,0,0,0,1,0,0,0,0,0,1,1,0,0,0,0,0,0,0,0,0,0,1,0,0,0,0,0,0,0,0,140000
0.074109959,-0.243765764,-0.524174055,1.012128432,0.825219588,-0.285504061,-0.117532023,0,0,0,1,0,0,0,0,0,1,1,0,0,0,0,0,0,0,0,0,0,0,0,0,0,0,0,1,0,0,200000
-0.866764305,0.958678625,-0.524174055,-0.585922065,-1.539065927,5.209287893,1.696366756,0,0,0,1,0,1,0,0,0,0,1,0,0,0,0,0,0,0,0,0,0,0,0,0,0,0,0,0,1,0,217000
-0.866764305,-0.228237755,1.268608656,-0.520695514,0.487464514,3.79290884,-0.537521102,0,0,0,0,1,0,0,0,0,1,1,0,0,0,0,0,0,0,0,0,0,0,0,1,0,0,0,0,0,0,125000
0.074109959,-0.254737651,0.372217301,0.196796546,-0.381048532,-0.285504061,-0.84399962,0,0,0,1,0,1,0,0,0,0,1,0,0,0,0,0,0,0,0,0,0,1,0,0,0,0,0,0,0,0,159500
-0.866764305,0.160520364,-0.524174055,0.490316025,0.053207991,1.02970506,1.235513874,0,0,0,1,0,0,0,0,0,1,1,0,0,0,0,0,0,0,0,0,0,0,0,0,0,0,0,1,0,0,184000
-0.27871789,-0.008893005,-0.524174055,-1.466480503,-1.683818102,-0.285504061,-0.666923143,0,0,0,1,0,0,0,0,0,1,1,0,0,0,0,0,0,0,0,0,0,0,0,0,0,0,0,0,1,0,96500
0.779765657,0.088645208,-0.524174055,-0.064109658,-0.76705433,-0.285504061,0.422778251,0,0,0,1,0,0,0,0,0,1,0,0,1,0,0,0,0,0,0,0,0,0,0,1,0,0,0,0,0,0,200000
-0.161108607,-0.413737025,0.372217301,-1.401253952,-1.683818102,-0.285504061,-0.044885264,0,0,0,0,1,0,0,0,0,1,1,0,0,0,0,0,0,0,0,0,0,0,0,1,0,0,0,0,0,0,149000
0.074109959,-0.042087611,-0.524174055,1.109968259,1.066473212,-0.285504061,-0.632869974,0,0,0,1,0,0,0,0,0,1,1,0,0,0,0,0,0,0,0,0,0,0,0,0,0,0,0,1,0,0,178900
-0.866764305,-0.056406853,-0.524174055,1.044741708,0.873470313,-0.285504061,0.259323042,0,0,0,1,0,0,0,0,0,1,1,0,0,0,0,0,0,0,0,0,0,0,0,0,0,0,0,1,0,0,184900
2.426295619,-0.598678402,-0.524174055,1.142581534,1.066473212,-0.285504061,-0.99156335,0,1,0,0,0,0,0,0,0,1,0,0,0,0,1,0,0,0,0,0,0,0,0,1,0,0,0,0,0,0,164700
-0.866764305,0.63324131,2.165000012,-0.390242413,0.825219588,-0.285504061,1.907496401,0,0,0,1,0,0,0,0,0,1,1,0,0,0,0,0,0,0,1,0,0,0,0,0,0,0,0,0,0,0,335000
0.779765657,-0.199506289,-1.42056541,-0.716375167,-1.683818102,-0.285504061,-2.410445374,0,0,0,1,0,0,0,0,0,1,0,0,1,0,0,0,0,0,0,0,0,0,0,0,0,0,1,0,0,0,87500
-0.866764305,-0.106803145,-0.524174055,1.24042136,1.162974661,-0.285504061,0.999411906,0,0,0,1,0,0,0,0,0,1,1,0,0,0,0,0,0,0,0,0,0,0,0,0,0,0,0,1,0,0,233170
-0.866764305,-0.199506289,0.372217301,-0.161949484,1.018222487,-0.285504061,0.377374026,0,0,0,1,0,0,1,0,0,0,1,0,0,0,0,0,0,0,0,0,0,1,0,0,0,0,0,0,0,0,149350
-0.396327173,0.135229235,1.268608656,-0.716375167,-1.683818102,-0.285504061,-0.521629624,0,0,0,1,0,0,0,0,0,1,1,0,0,0,0,0,0,0,0,0,0,1,0,0,0,0,0,0,0,0,133000
-0.631545739,-0.472873634,0.372217301,-1.499093778,-1.683818102,-0.285504061,-0.448982864,0,0,0,1,0,0,0,0,0,1,1,0,0,0,0,0,0,0,0,0,0,0,0,0,0,0,1,0,0,0,98000
-0.866764305,-0.041808664,0.372217301,0.294636372,-0.236296358,6.423327082,1.417130773,0,0,0,1,0,0,0,0,0,1,1,0,0,0,0,0,0,0,0,0,0,0,0,0,1,0,0,0,0,0,207500
-0.866764305,-0.064961205,-1.42056541,0.16418327,0.390963065,-0.285504061,0.497695222,0,0,0,1,0,1,0,0,0,0,1,0,0,0,0,0,0,0,0,0,0,0,0,0,1,0,0,0,0,0,150000
0.662156374,-0.31963915,-0.524174055,0.359862923,-0.139794908,-0.285504061,-0.462604132,0,0,0,1,0,0,1,0,0,0,1,0,0,0,0,0,0,0,0,0,0,0,0,0,0,0,0,0,1,0,134900
-0.866764305,-0.324474218,-0.524174055,1.142581534,1.018222487,-0.285504061,0.524937757,0,1,0,0,0,0,0,0,0,1,1,0,0,0,0,0,0,0,0,0,0,0,0,0,0,0,0,1,0,0,187750
-0.866764305,0.136716949,-1.42056541,-0.585922065,-1.539065927,-0.285504061,1.006222539,0,0,0,1,0,0,0,0,0,1,1,0,0,0,0,0,0,0,0,0,0,0,0,0,0,0,0,0,1,0,149500
-0.866764305,-0.124283778,-0.524174055,-0.031496382,-0.718803606,-0.285504061,-0.448982864,0,0,0,1,0,0,0,0,0,1,1,0,0,0,0,0,0,0,0,0,0,0,0,1,0,0,0,0,0,0,116050
0.779765657,-0.341396959,-0.524174055,0.262023097,-0.284547083,-0.285504061,0.055004031,0,0,0,1,0,0,0,0,0,1,0,0,1,0,0,0,0,0,0,0,0,0,0,0,1,0,0,0,0,0,153337
-0.866764305,0.241228818,-0.524174055,-0.55330879,-1.490815202,-0.285504061,0.729256768,0,0,0,1,0,0,0,0,0,1,1,0,0,0,0,0,0,0,0,0,0,0,0,0,0,0,0,0,1,0,165000
-0.866764305,-0.380263472,3.061391367,0.359862923,1.114723937,-0.285504061,-0.557953004,0,0,0,1,0,0,0,0,0,1,1,0,0,0,0,0,0,0,0,0,0,0,0,0,0,0,0,1,0,0,130500
0.779765657,-0.337491711,-0.524174055,0.849062055,0.632216689,-0.285504061,0.64071853,0,0,0,0,1,0,0,0,0,1,0,0,1,0,0,0,0,0,0,0,0,0,0,0,0,0,0,1,0,0,206300
2.426295619,-0.658837814,-0.524174055,1.17519481,1.066473212,-0.285504061,-0.846269831,0,1,0,0,0,1,0,0,0,0,0,0,0,0,1,0,0,0,0,0,0,0,0,0,0,0,0,1,0,0,146000
-0.866764305,-0.167148522,-0.524174055,-0.357629137,-1.201310854,-0.285504061,0.007329595,0,0,0,1,0,0,0,0,0,1,1,0,0,0,0,0,0,0,0,0,0,0,0,1,0,0,0,0,0,0,126500
-0.161108607,-0.4953753,0.372217301,-1.98829291,0.873470313,-0.285504061,-0.909835745,0,0,0,1,0,1,0,0,0,0,1,0,0,0,0,0,0,0,0,0,0,0,0,0,0,0,0,0,1,0,139000
3.131951317,-0.579617074,-0.524174055,-1.662160155,1.114723937,-0.285504061,-0.739569903,0,0,0,0,1,0,0,0,0,1,0,1,0,0,0,0,0,0,0,0,0,0,0,1,0,0,0,0,0,0,113000
-0.161108607,-0.101317202,-0.524174055,-1.531707054,-1.683818102,-0.285504061,-1.111884546,0,0,0,1,0,1,0,0,0,0,1,0,0,0,0,0,0,0,0,0,0,0,0,0,0,0,0,0,1,0,79000
-0.866764305,0.08827328,-0.524174055,1.17519481,1.114723937,-0.285504061,0.831416274,0,1,0,0,0,1,0,0,0,0,1,0,0,0,0,0,0,0,0,0,1,0,0,0,0,0,0,0,0,0,182000
0.074109959,-0.250088546,-0.524174055,0.783835504,0.535715239,-0.285504061,-0.655572087,0,0,0,1,0,0,0,0,0,1,1,0,0,0,0,0,0,0,0,0,0,1,0,0,0,0,0,0,0,0,188000
-0.866764305,-0.324474218,2.165000012,-0.683761892,0.825219588,0.656640934,-0.448982864,0,0,0,1,0,0,0,0,0,1,1,0,0,0,0,0,0,0,0,0,0,0,0,0,0,0,0,1,0,0,129000
3.131951317,-0.335446105,2.165000012,-1.792613257,0.487464514,-0.285504061,-0.853080464,0,0,1,0,0,0,0,0,0,1,0,1,0,0,0,0,0,0,0,0,0,0,0,0,0,0,0,1,0,0,160000
-0.866764305,-0.21289571,3.061391367,-0.292402586,0.969971762,-0.285504061,0.583963249,0,0,0,1,0,0,0,0,0,1,1,0,0,0,0,0,0,0,0,0,0,0,0,0,0,0,0,0,1,0,174000
0.074109959,0.312825027,-0.524174055,1.142581534,1.018222487,-0.285504061,-0.414929696,0,0,0,1,0,0,0,0,0,1,1,0,0,0,0,0,0,0,0,0,0,0,0,0,0,0,0,1,0,0,219210
0.074109959,0.02913667,-0.524174055,1.207808085,1.114723937,-0.285504061,-0.101640545,0,1,0,0,0,0,0,0,0,1,1,0,0,0,0,0,0,0,0,0,0,0,0,0,0,0,0,1,0,0,310000
-0.866764305,0.107520572,-0.524174055,1.044741708,0.921721037,-0.285504061,1.657773165,0,0,0,1,0,0,0,0,0,1,1,0,0,0,0,0,0,0,0,0,0,0,0,0,0,0,0,1,0,0,374000
-0.631545739,-0.201737859,0.372217301,-1.564320329,1.018222487,-0.285504061,-0.212880895,0,0,0,0,1,0,0,0,0,1,1,0,0,0,0,0,0,0,0,0,0,0,0,0,0,0,0,0,1,0,100000
0.074109959,0.031554205,1.268608656,-0.096722933,-0.043293459,-0.285504061,-0.017642729,0,0,0,1,0,1,0,0,0,0,1,0,0,0,0,0,0,0,0,0,0,1,0,0,0,0,0,0,0,0,250000
0.544547091,-0.041250772,3.061391367,-0.19456276,0.776968863,-0.285504061,-0.939348492,0,0,0,1,0,0,1,0,0,0,1,0,0,0,0,0,0,0,0,0,0,0,0,0,0,0,0,1,0,0,145000
0.426937808,0.261312949,3.061391367,-2.542718593,0.728718138,-0.285504061,0.397805928,0,0,0,0,1,0,0,0,0,1,1,0,0,0,0,0,0,0,0,0,0,0,0,0,0,0,0,0,1,0,325000
0.074109959,0.279258493,-0.524174055,1.142581534,1.018222487,-0.285504061,2.477319421,0,0,0,1,0,0,0,0,0,1,1,0,0,0,0,0,0,0,0,0,0,0,0,0,0,0,0,1,0,0,380000
1.485421355,-0.636708077,-0.524174055,1.077354983,0.969971762,-0.285504061,1.208271339,0,0,0,0,1,0,0,0,0,1,0,0,0,0,1,0,0,0,0,0,1,0,0,0,0,0,0,0,0,0,275000
-0.866764305,0.047454142,-0.524174055,0.457702749,0.004957266,-0.285504061,0.536288813,0,0,0,1,0,0,0,0,0,1,1,0,0,0,0,0,0,0,0,0,0,0,0,0,0,0,0,0,1,0,180000
-0.866764305,-0.019957873,-0.524174055,1.207808085,1.114723937,-0.285504061,1.435292463,0,0,0,1,0,1,0,0,0,0,1,0,0,0,0,0,0,0,0,0,0,0,0,0,0,0,0,1,0,0,245350
-0.866764305,0.193621988,2.165000012,-0.357629137,0.632216689,-0.285504061,-0.235583008,0,0,0,1,0,0,1,0,0,0,1,0,0,0,0,0,0,0,0,0,0,0,0,1,0,0,0,0,0,0,151500
0.662156374,-0.045063038,-0.524174055,-0.292402586,-1.104809404,-0.285504061,-0.310499979,0,0,0,1,0,0,0,0,0,1,1,0,0,0,0,0,0,0,0,0,0,0,0,1,0,0,0,0,0,0,134500
-0.161108607,-0.404252852,2.165000012,-3.129757551,0.535715239,-0.285504061,-0.639680608,0,0,0,1,0,0,0,0,0,1,1,0,0,0,0,0,0,0,0,0,0,0,0,0,0,0,0,1,0,0,94000
0.074109959,-0.296579591,-0.524174055,0.946901881,0.728718138,-0.285504061,-0.562493426,0,1,0,0,0,0,0,0,0,1,1,0,0,0,0,0,0,0,0,0,0,0,0,0,0,0,0,1,0,0,216000
-0.866764305,-0.023491193,0.372217301,0.783835504,0.487464514,-0.285504061,2.377430127,0,0,0,1,0,0,0,0,0,1,1,0,0,0,0,0,0,0,0,0,0,0,0,1,0,0,0,0,0,0,350000
0.074109959,0.12611699,0.372217301,0.16418327,-0.429299257,-0.285504061,-0.485306244,0,0,0,1,0,0,0,0,0,1,1,0,0,0,0,0,0,0,0,0,0,0,0,0,1,0,0,0,0,0,195000
2.426295619,0.006727987,0.372217301,0.294636372,-0.236296358,-0.285504061,-0.989293139,0,0,0,1,0,1,0,0,0,0,0,0,0,0,1,0,0,0,0,0,0,0,0,0,1,0,0,0,0,0,120000
0.074109959,-0.122238172,-0.524174055,1.012128432,0.825219588,-0.285504061,0.504505856,0,0,0,1,0,0,0,0,0,1,1,0,0,0,0,0,0,0,0,0,0,0,0,0,0,0,0,1,0,0,228500
0.074109959,1.79170517,0.372217301,0.751222229,0.439213789,-0.285504061,-0.201529839,0,0,0,1,0,0,0,1,0,0,1,0,0,0,0,0,0,0,0,0,0,1,0,0,0,0,0,0,0,0,248000
-0.866764305,-0.13813811,-0.524174055,-0.259789311,-1.056558679,5.228257256,0.186676282,0,0,0,1,0,0,0,0,0,1,1,0,0,0,0,0,0,0,0,0,0,1,0,0,0,0,0,0,0,0,124000
1.485421355,-0.698076256,-0.524174055,1.109968259,1.018222487,-0.285504061,0.645258953,0,0,0,1,0,0,0,0,0,1,0,0,0,0,1,0,0,0,0,0,0,0,0,0,0,0,0,1,0,0,191000
-0.866764305,-0.051106873,0.372217301,0.098956719,0.680467413,2.098312471,-0.049425686,0,0,0,1,0,0,0,0,0,1,1,0,0,0,0,0,0,0,0,0,0,1,0,0,0,0,0,0,0,0,181000
-0.161108607,-0.151527531,-0.524174055,-1.042507922,-1.683818102,-0.285504061,-1.13912708,0,0,0,1,0,0,0,0,0,1,1,0,0,0,0,0,0,0,0,0,0,0,0,0,0,0,0,0,0,1,105000
-0.866764305,0.153639689,-0.524174055,-0.357629137,-0.332797807,-0.285504061,-0.190178783,0,0,0,1,0,0,0,0,0,1,1,0,0,0,0,0,0,0,0,0,0,0,0,0,0,0,0,0,1,0,139900
-0.866764305,-0.087369889,0.372217301,-0.422855688,-1.297812303,-0.285504061,0.863199231,0,0,0,1,0,0,0,0,0,1,1,0,0,0,0,0,0,0,0,0,0,0,0,1,0,0,0,0,0,0,157900
-0.161108607,0.100174987,0.372217301,-0.814214994,0.487464514,-0.285504061,-0.666923143,0,0,0,1,0,0,0,0,0,1,1,0,0,0,0,0,0,0,0,0,0,0,0,1,0,0,0,0,0,0,130500
0.074109959,-0.238837713,-0.524174055,0.946901881,0.728718138,-0.285504061,-0.246934064,0,0,0,1,0,0,0,0,0,1,1,0,0,0,0,0,0,0,0,0,0,0,0,0,0,0,0,1,0,0,172400
0.544547091,-0.330611036,-0.524174055,-0.520695514,-1.442564478,-0.285504061,-1.538684258,0,0,0,1,0,0,0,0,0,1,1,0,0,0,0,0,0,0,0,0,0,0,0,1,0,0,0,0,0,0,130000
0.074109959,-0.151899459,-0.524174055,1.077354983,0.921721037,-0.285504061,-0.805406028,0,0,0,1,0,0,0,0,0,1,1,0,0,0,0,0,0,0,0,0,0,0,0,0,0,0,0,1,0,0,178000
-0.866764305,-0.083650605,-0.524174055,-0.129336209,-0.86355578,3.698062028,0.704284445,0,0,0,1,0,0,0,0,0,1,1,0,0,0,0,0,0,0,1,0,0,0,0,0,0,0,0,0,0,0,161500
3.131951317,-0.268684964,1.268608656,-1.042507922,-1.683818102,-0.285504061,-0.610167862,0,0,0,0,1,0,0,0,0,1,0,1,0,0,0,0,0,0,0,0,0,0,0,1,0,0,0,0,0,0,119900
0.309328525,0.545838145,2.165000012,-1.27080085,-1.683818102,-0.285504061,-0.249204275,0,0,0,1,0,0,0,0,0,1,1,0,0,0,0,0,0,0,0,0,0,0,0,0,0,0,0,0,1,0,239000
-0.866764305,0.098687274,0.372217301,0.196796546,-0.381048532,-0.285504061,1.775824149,0,0,0,1,0,0,0,0,0,1,1,0,0,0,0,0,0,0,0,0,0,0,0,0,1,0,0,0,0,0,190000
2.426295619,-0.837735356,-0.524174055,0.001116893,-0.670552881,-0.285504061,-1.313933346,0,0,0,0,1,0,0,0,0,1,0,0,0,1,0,0,0,0,0,0,0,1,0,0,0,0,0,0,0,0,85400
-0.866764305,-0.008056166,1.268608656,0.196796546,0.776968863,-0.285504061,1.244594719,0,0,0,1,0,0,0,0,0,1,1,0,0,0,0,0,0,0,0,0,0,0,0,0,1,0,0,0,0,0,205000
-0.866764305,-0.139718805,-0.524174055,0.392476199,-0.091544183,-0.285504061,0.050463608,0,0,0,1,0,1,0,0,0,0,1,0,0,0,0,0,0,0,0,0,0,0,0,0,0,0,0,1,0,0,134000
3.131951317,2.024532324,-1.42056541,-0.325015862,-0.477549982,-0.285504061,0.425048462,0,0,0,1,0,0,0,0,0,1,0,1,0,0,0,0,0,0,0,0,0,0,0,1,0,0,0,0,0,0,168000
0.074109959,0.048105017,-0.524174055,0.849062055,0.583965964,-0.285504061,-0.589735961,0,0,0,1,0,0,0,1,0,0,1,0,0,0,0,0,0,0,0,0,0,0,0,0,0,0,0,1,0,0,185000
0.544547091,0.318217988,1.268608656,-0.227176035,-1.008307954,-0.285504061,0.204837972,0,0,0,1,0,1,0,0,0,0,1,0,0,0,0,0,0,0,0,0,0,0,0,0,0,0,0,0,1,0,180500
-0.161108607,0.280839188,-0.524174055,-0.683761892,-1.683818102,-0.285504061,-0.344553147,0,0,0,0,1,0,0,0,0,1,1,0,0,0,0,0,0,0,0,0,0,0,0,0,0,0,0,0,1,0,152000
0.074109959,-0.105594378,-0.524174055,0.718608953,0.439213789,-0.285504061,-0.646491242,0,0,0,1,0,0,0,0,0,1,1,0,0,0,0,0,0,0,0,0,0,0,0,0,0,0,0,1,0,0,215000
-0.866764305,-0.183885298,1.268608656,-0.455468963,0.728718138,-0.285504061,-0.158395826,0,0,0,1,0,0,0,0,0,1,1,0,0,0,0,0,0,0,0,0,0,0,0,1,0,0,0,0,0,0,153000
0.426937808,-0.240790337,-0.524174055,-2.379652216,-0.96005723,-0.285504061,-0.483036033,0,0,0,0,1,1,0,0,0,0,1,0,0,0,0,1,0,0,0,0,0,0,0,0,0,0,0,0,0,0,106000
0.074109959,0.042154163,-0.524174055,1.077354983,0.969971762,-0.285504061,1.176488382,0,1,0,0,0,1,0,0,0,0,1,0,0,0,0,0,0,0,0,0,1,0,0,0,0,0,0,0,0,0,340000
-0.161108607,-0.084022533,1.268608656,-0.292402586,-0.188045633,-0.285504061,-0.340012725,0,0,0,1,0,0,0,0,0,1,1,0,0,0,0,0,0,0,0,0,0,0,0,0,0,0,0,0,1,0,159000
-0.161108607,-0.436052726,1.268608656,-1.368640676,-1.683818102,-0.285504061,-0.453523287,0,0,0,0,1,1,0,0,0,0,1,0,0,0,0,0,0,0,0,0,0,0,0,0,0,0,0,0,0,1,120000
-0.866764305,1.028415193,-1.42056541,-0.357629137,1.018222487,-0.285504061,-2.410445374,0,0,0,1,0,0,0,0,0,1,1,0,0,0,0,0,0,0,0,0,0,1,0,0,0,0,0,0,0,0,115000
1.485421355,-0.535729527,-0.524174055,0.16418327,-0.429299257,-0.285504061,0.036842341,0,0,0,1,0,0,0,0,0,1,0,0,0,0,1,0,0,0,0,0,0,0,0,0,1,0,0,0,0,0,128000
-0.866764305,0.093387295,-0.524174055,1.17519481,1.066473212,-0.285504061,1.725879502,0,0,0,1,0,0,0,0,0,1,1,0,0,0,0,0,0,0,0,0,1,0,0,0,0,0,0,0,0,0,314813
-0.161108607,0.066887399,-1.42056541,-0.716375167,1.114723937,-0.285504061,-0.666923143,0,0,0,1,0,0,0,0,0,1,1,0,0,0,0,0,0,0,0,0,0,0,0,0,0,0,0,0,1,0,131000
0.074109959,0.395951016,-0.524174055,1.207808085,1.114723937,-0.285504061,0.885901344,0,0,0,1,0,0,0,0,0,1,1,0,0,0,0,0,0,0,0,0,0,0,0,0,0,0,0,1,0,0,446261
-0.161108607,-0.413737025,0.372217301,-1.303414125,-1.683818102,-0.285504061,-0.403578639,0,0,0,0,1,0,0,0,0,1,1,0,0,0,0,0,0,0,0,0,0,0,0,0,0,0,0,0,1,0,127500
0.309328525,-0.761490042,2.165000012,-1.825226533,0.969971762,-0.285504061,-0.344553147,0,0,0,0,1,1,0,0,0,0,1,0,0,0,0,0,0,0,0,0,0,0,0,0,0,0,1,0,0,0,155000
-0.866764305,0.052010264,-0.524174055,0.783835504,0.487464514,3.154273641,0.313808112,0,0,0,1,0,0,0,0,0,1,1,0,0,0,0,0,0,0,0,0,0,0,0,0,0,0,0,1,0,0,177500
-0.161108607,0.155127402,0.372217301,-0.977281371,-1.683818102,-0.285504061,-0.775893282,0,0,0,0,1,0,0,0,0,1,1,0,0,0,0,0,0,0,0,0,0,0,0,1,0,0,0,0,0,0,128500
0.074109959,-0.247392066,-0.524174055,1.109968259,0.969971762,-0.285504061,-0.757731592,0,0,0,1,0,0,0,0,0,1,1,0,0,0,0,0,0,0,0,0,0,0,0,0,0,0,0,1,0,0,176000
0.074109959,3.337997329,1.268608656,0.751222229,0.969971762,0.852657679,1.287728733,0,0,0,1,0,0,1,0,0,0,1,0,0,0,0,0,0,0,0,0,0,0,0,0,0,0,0,1,0,0,402000
0.309328525,-0.201272949,0.372217301,-1.955679635,-1.683818102,-0.285504061,-0.27644681,0,0,1,0,0,0,0,0,0,1,1,0,0,0,0,0,0,0,0,0,0,0,0,1,0,0,0,0,0,0,130000
-0.866764305,-0.226843024,1.268608656,-0.227176035,-1.008307954,-0.285504061,0.068625298,0,0,0,1,0,0,0,0,0,1,1,0,0,0,0,0,0,0,0,0,0,1,0,0,0,0,0,0,0,0,145000
-0.866764305,-0.101317202,1.268608656,-0.683761892,1.066473212,-0.285504061,0.116299734,0,0,0,1,0,0,0,0,0,1,1,0,0,0,0,0,0,0,0,0,0,0,0,1,0,0,0,0,0,0,147000
-0.866764305,-0.017633321,-0.524174055,0.001116893,-0.670552881,-0.285504061,-0.448982864,0,0,0,1,0,0,0,1,0,0,1,0,0,0,0,0,0,0,0,0,0,1,0,0,0,0,0,0,0,0,115000
0.074109959,-0.296579591,-0.524174055,0.914288606,0.680467413,-0.285504061,-0.153855403,0,0,0,1,0,0,0,0,0,1,1,0,0,0,0,0,0,0,0,0,0,0,0,0,0,0,0,1,0,0,189000
0.779765657,1.330606986,-1.42056541,-0.129336209,-0.86355578,-0.285504061,1.294539367,0,0,0,1,0,0,0,0,0,1,0,0,1,0,0,0,0,0,0,0,0,1,0,0,0,0,0,0,0,0,143000
0.074109959,0.010261306,1.268608656,0.098956719,0.583965964,0.86530392,1.04481613,0,0,0,1,0,0,0,0,0,1,1,0,0,0,0,0,0,0,0,0,0,1,0,0,0,0,0,0,0,0,240000
1.485421355,-0.528941834,-0.524174055,1.17519481,1.114723937,-0.285504061,0.572612193,0,0,0,1,0,0,0,0,0,1,0,0,0,1,0,0,0,0,0,0,0,0,0,0,0,0,0,1,0,0,230000
0.074109959,-0.046829697,-0.524174055,0.685995678,0.34271234,-0.285504061,-0.707786945,0,0,0,1,0,0,0,0,0,1,1,0,0,0,0,0,0,0,0,0,0,1,0,0,0,0,0,0,0,0,190000
-0.866764305,-0.21289571,-0.524174055,1.077354983,0.969971762,-0.285504061,0.93357578,0,0,0,1,0,0,0,0,0,1,1,0,0,0,0,0,0,0,0,0,0,0,0,0,0,0,0,1,0,0,213000
-0.631545739,-0.498350727,1.268608656,-1.009894646,-1.683818102,-0.285504061,-1.456956654,0,0,0,1,0,0,0,0,0,1,1,0,0,0,0,0,0,0,0,0,0,0,0,0,0,0,0,1,0,0,82500
-0.866764305,-0.102154041,-0.524174055,1.077354983,0.969971762,-0.285504061,1.478426477,0,0,0,1,0,0,0,0,0,1,1,0,0,0,0,0,0,0,0,0,0,0,0,0,0,0,0,1,0,0,274900
-0.866764305,-0.25650431,0.372217301,-0.357629137,-1.201310854,3.078396192,0.470452687,0,0,0,1,0,0,0,0,0,1,1,0,0,0,0,0,0,0,1,0,0,0,0,0,0,0,0,0,0,0,155000
-0.866764305,0.949008488,-0.524174055,1.109968259,1.018222487,-0.285504061,2.304783367,0,0,0,1,0,0,1,0,0,0,1,0,0,0,0,0,0,0,0,0,0,0,0,0,0,0,0,1,0,0,423000
-0.866764305,-0.105036486,1.268608656,0.033730168,-0.622302156,-0.285504061,-0.448982864,0,0,0,1,0,1,0,0,0,0,1,0,0,0,0,0,0,0,0,0,0,0,0,1,0,0,0,0,0,0,128500
0.074109959,0.057496208,-0.524174055,1.207808085,1.114723937,-0.285504061,0.095867833,0,0,0,1,0,0,0,0,0,1,1,0,0,0,0,0,0,0,0,0,0,0,0,0,0,0,0,1,0,0,335000
-0.866764305,0.164704558,-0.524174055,0.751222229,0.487464514,-0.285504061,1.276377677,0,0,0,1,0,1,0,0,0,0,1,0,0,0,0,0,0,0,0,0,0,0,1,0,0,0,0,0,0,0,262000
-0.866764305,0.047454142,-0.524174055,-0.19456276,-0.96005723,-0.285504061,-0.049425686,0,0,0,1,0,0,0,0,0,1,1,0,0,0,0,0,0,0,0,0,0,1,0,0,0,0,0,0,0,0,129500
0.074109959,-0.110150501,-0.524174055,0.979515157,0.776968863,-0.285504061,-0.403578639,0,0,0,1,0,0,1,0,0,0,1,0,0,0,0,0,0,0,0,0,0,0,0,0,0,0,0,1,0,0,222500
1.485421355,-0.106059289,-0.524174055,0.783835504,0.535715239,6.398034599,0.981250216,0,0,0,1,0,0,1,0,0,0,0,0,0,0,1,0,0,0,1,0,0,0,0,0,0,0,0,0,0,0,270000
1.485421355,-0.523176945,-0.524174055,1.17519481,1.114723937,-0.285504061,0.572612193,0,0,0,1,0,0,0,0,0,1,0,0,0,1,0,0,0,0,0,0,0,0,0,0,0,0,0,1,0,0,207500
0.074109959,0.093945187,0.372217301,-0.096722933,-0.815305055,0.821042075,-0.816757085,0,0,0,1,0,0,0,0,0,1,1,0,0,0,0,0,0,0,0,0,0,1,0,0,0,0,0,0,0,0,175000
0.074109959,0.226444666,-0.524174055,0.653382402,0.294461615,3.723354511,0.095867833,0,0,0,1,0,1,0,0,0,0,1,0,0,0,0,0,0,0,0,0,0,1,0,0,0,0,0,0,0,0,238000
3.131951317,-0.465156121,0.372217301,-1.923066359,0.728718138,-0.285504061,-0.639680608,0,0,0,1,0,0,0,0,0,1,0,1,0,0,0,0,0,0,0,0,0,0,0,0,0,0,0,1,0,0,135900
1.485421355,-0.401556371,-0.524174055,1.24042136,1.211225386,-0.285504061,0.672501487,0,0,0,1,0,0,0,0,0,1,0,0,0,0,1,0,0,0,0,0,0,0,0,0,0,0,0,1,0,0,224000
0.544547091,-0.067192775,-0.524174055,0.946901881,0.728718138,-0.285504061,-1.538684258,0,0,0,1,0,0,0,0,0,1,1,0,0,0,0,0,0,0,0,0,0,0,0,0,0,0,0,1,0,0,170000
-0.866764305,-0.296579591,-0.524174055,1.077354983,0.969971762,-0.285504061,0.361482548,0,1,0,0,0,0,0,0,0,1,1,0,0,0,0,0,0,0,0,0,0,0,0,0,0,0,0,1,0,0,185000
0.074109959,-0.122238172,-0.524174055,1.044741708,0.921721037,-0.285504061,-0.340012725,0,1,0,0,0,0,0,0,0,1,1,0,0,0,0,0,0,0,0,0,0,0,0,0,0,0,0,1,0,0,263000
-0.866764305,-0.223960579,-0.524174055,-0.19456276,-0.96005723,1.6809865,-0.448982864,0,0,0,1,0,0,0,0,0,1,1,0,0,0,0,0,0,0,0,0,0,0,0,1,0,0,0,0,0,0,62383
-0.866764305,-0.159616973,1.268608656,-0.422855688,0.294461615,-0.108456679,-0.122072446,0,0,0,1,0,0,0,0,0,1,1,0,0,0,0,0,0,0,0,0,0,0,0,0,1,0,0,0,0,0,150000
0.662156374,0.553927587,-0.524174055,0.131569995,-0.188045633,-0.285504061,0.745148247,0,0,0,1,0,0,1,0,0,0,1,0,0,0,0,0,0,0,0,0,0,1,0,0,0,0,0,0,0,0,171000
-0.866764305,-0.233723698,0.372217301,-0.422855688,0.34271234,-0.285504061,-0.013102306,0,0,0,1,0,0,0,0,0,1,1,0,0,0,0,0,0,0,0,0,0,0,0,0,0,0,0,0,1,0,139000
-0.866764305,-0.452789503,2.165000012,-0.520695514,0.969971762,-0.285504061,0.227540085,0,0,0,0,1,0,0,0,0,1,1,0,0,0,0,0,0,0,0,0,0,0,0,0,0,0,0,1,0,0,126175
0.074109959,-0.238465785,0.372217301,1.17519481,1.066473212,-0.285504061,-0.564763637,0,1,0,0,0,0,0,0,0,1,1,0,0,0,0,0,0,0,0,0,1,0,0,0,0,0,0,0,0,0,205950
-0.161108607,0.154755474,2.165000012,-1.662160155,0.728718138,-0.285504061,-0.857620887,0,0,0,1,0,1,0,0,0,0,1,0,0,0,0,0,0,0,0,0,0,0,0,0,0,0,0,0,1,0,110000
0.074109959,0.262986627,-0.524174055,1.207808085,1.162974661,-0.285504061,1.96198147,0,0,0,1,0,0,0,0,0,1,1,0,0,0,0,0,0,0,0,0,0,0,0,0,0,0,0,1,0,0,485000
-0.866764305,-0.02693153,0.372217301,-0.031496382,-0.718803606,-0.285504061,0.549910081,0,0,0,1,0,0,0,0,0,1,1,0,0,0,0,0,0,0,0,0,0,0,0,0,1,0,0,0,0,0,174000
2.896732751,-0.652236086,-0.524174055,1.109968259,0.969971762,-0.285504061,-1.168639827,0,0,0,0,1,0,0,0,0,1,0,0,0,0,1,0,0,0,0,0,0,0,0,0,0,0,0,1,0,0,145000
0.074109959,-0.190580009,-0.524174055,1.24042136,1.162974661,-0.285504061,-0.694165678,0,1,0,0,0,0,0,0,0,1,1,0,0,0,0,0,0,0,0,0,0,0,0,0,0,0,0,1,0,0,215200
-0.866764305,0.091155724,-0.524174055,1.142581534,1.018222487,-0.285504061,1.914307034,0,0,0,1,0,1,0,0,0,0,1,0,0,0,0,0,0,0,0,0,0,0,0,0,0,0,0,1,0,0,320000
0.074109959,-0.002105312,0.372217301,0.81644878,0.535715239,1.889649486,-0.596546595,0,0,0,1,0,0,1,0,0,0,1,0,0,0,0,0,0,0,0,0,0,0,0,0,0,0,0,1,0,0,212000
0.544547091,-0.155246814,-0.524174055,-0.227176035,-1.008307954,1.83906452,0.422778251,0,0,0,1,0,1,0,0,0,0,1,0,0,0,0,0,0,0,0,0,0,0,0,0,1,0,0,0,0,0,168500
0.074109959,0.04912782,-0.524174055,0.685995678,0.34271234,-0.285504061,-0.015372518,0,0,0,1,0,0,0,0,0,1,1,0,0,0,0,0,0,0,0,0,0,0,0,0,0,0,0,0,1,0,189000
0.544547091,0.291532129,0.372217301,-0.422855688,0.101458716,-0.285504061,-1.200422784,0,0,0,1,0,0,0,0,0,1,1,0,0,0,0,0,0,0,0,0,0,0,0,1,0,0,0,0,0,0,140000
0.074109959,0.217704349,-0.524174055,0.783835504,0.535715239,-0.285504061,-0.841729408,0,0,0,1,0,1,0,0,0,0,1,0,0,0,0,0,0,0,0,0,0,1,0,0,0,0,0,0,0,0,187500
0.074109959,0.173165928,-0.524174055,1.077354983,0.969971762,-0.285504061,-0.160666037,0,1,0,0,0,1,0,0,0,0,1,0,0,0,0,0,0,0,0,0,0,0,0,0,0,0,0,1,0,0,254900
-0.866764305,-0.306807621,1.268608656,-0.520695514,-1.442564478,-0.285504061,0.082246566,0,0,0,1,0,0,0,0,0,1,1,0,0,0,0,0,0,0,0,0,0,0,0,0,0,0,0,0,1,0,135000
-0.866764305,-0.087369889,2.165000012,-0.064109658,-0.76705433,2.484022839,-0.017642729,0,0,0,1,0,0,0,1,0,0,1,0,0,0,0,0,0,0,0,0,0,1,0,0,0,0,0,0,0,0,151000
-0.866764305,-0.436052726,0.372217301,-0.455468963,-1.346063028,-0.285504061,-0.303689345,0,0,0,0,1,0,0,0,0,1,1,0,0,0,0,0,0,0,1,0,0,0,0,0,0,0,0,0,0,0,112500
-0.161108607,-0.145948605,0.372217301,-1.499093778,-1.683818102,-0.285504061,-0.081208644,0,0,0,1,0,0,0,0,0,1,1,0,0,0,0,0,0,0,0,0,0,0,0,0,0,0,0,0,1,0,184000
0.426937808,0.481029628,-2.316956766,-1.662160155,-0.718803606,-0.285504061,-0.539791314,0,0,0,1,0,1,0,0,0,0,1,0,0,0,0,0,0,0,0,0,0,0,0,0,0,0,0,0,1,0,197000
-0.161108607,0.052103247,-0.524174055,-0.455468963,0.197960165,-0.285504061,0.095867833,0,0,0,1,0,0,0,0,0,1,1,0,0,0,0,0,0,0,0,0,0,0,0,0,0,0,0,0,1,0,161500
-0.631545739,-0.324474218,-1.42056541,-1.98829291,1.018222487,2.6547471,-0.090289489,0,0,0,0,1,0,0,0,0,1,1,0,0,0,0,0,0,0,0,0,0,0,0,1,0,0,0,0,0,0,85000
-0.866764305,-0.174401125,-0.524174055,1.109968259,1.066473212,-0.285504061,0.481803743,0,0,0,1,0,0,0,0,0,1,1,0,0,0,0,0,0,0,0,0,0,0,0,0,0,0,0,1,0,0,203000
0.074109959,0.047268178,-0.524174055,1.109968259,1.066473212,-0.285504061,0.136731635,0,0,0,1,0,0,0,0,0,1,1,0,0,0,0,0,0,0,0,0,0,0,0,0,0,0,0,1,0,0,325000
0.074109959,0.033506829,-0.524174055,0.946901881,0.728718138,-0.285504061,0.858658809,0,0,0,1,0,0,0,0,0,1,1,0,0,0,0,0,0,0,0,0,0,0,0,0,0,0,0,1,0,0,313000
0.074109959,-0.113125928,-0.524174055,1.012128432,0.825219588,-0.285504061,0.150352903,0,0,0,1,0,0,0,0,0,1,1,0,0,0,0,0,0,0,0,0,0,0,0,0,0,0,0,1,0,0,237000
0.309328525,0.262707681,0.372217301,-1.694773431,-1.683818102,-0.285504061,-0.676003988,0,0,0,1,0,0,0,0,0,1,1,0,0,0,0,0,0,0,0,0,0,0,0,0,0,0,0,0,1,0,180500
-0.866764305,0.068375112,0.372217301,-0.55330879,-1.490815202,-0.285504061,-0.122072446,0,0,0,1,0,1,0,0,0,0,1,0,0,0,0,0,0,0,1,0,0,0,0,0,0,0,0,0,0,0,137000
-0.631545739,-0.595981921,0.372217301,-1.890453084,0.825219588,-0.285504061,-1.411552429,0,0,0,1,0,0,0,0,0,1,1,0,0,0,0,0,0,0,0,0,0,0,0,0,0,0,0,0,0,1,90350
0.779765657,0.181348352,-0.524174055,0.16418327,-0.429299257,2.218451766,1.512479645,0,0,0,1,0,0,0,0,0,1,0,0,1,0,0,0,0,0,0,0,0,0,0,0,1,0,0,0,0,0,150900
-0.866764305,-0.039577094,-0.524174055,0.914288606,0.680467413,-0.285504061,1.194650072,0,0,0,1,0,0,0,0,0,1,1,0,0,0,0,0,0,0,0,0,0,0,0,0,0,0,0,1,0,0,214000
-0.866764305,0.060564617,0.372217301,-0.455468963,0.535715239,-0.285504061,0.749688669,0,0,0,1,0,0,0,0,0,1,1,0,0,0,0,0,0,0,0,0,0,0,0,0,0,0,0,0,1,0,121500
0.074109959,0.458713927,-0.524174055,0.81644878,0.535715239,-0.285504061,3.028980752,0,0,0,1,0,1,0,0,0,0,1,0,0,0,0,0,0,0,0,0,0,0,0,0,0,0,0,0,1,0,745000
0.074109959,0.117376674,0.372217301,0.196796546,-0.381048532,-0.285504061,-0.576114693,0,0,0,1,0,0,0,0,0,1,1,0,0,0,0,0,0,0,0,0,0,0,0,0,0,0,0,0,0,1,190000
1.485421355,-0.698076256,-0.524174055,1.109968259,1.018222487,-0.285504061,0.645258953,0,0,0,1,0,0,0,0,0,1,0,0,0,0,1,0,0,0,0,0,0,0,0,0,0,0,0,1,0,0,181000
-0.866764305,-0.104013683,-2.316956766,-0.422855688,-1.297812303,-0.285504061,0.486344166,0,0,0,1,0,0,0,0,0,1,1,0,0,0,0,0,0,1,0,0,0,0,0,0,0,0,0,0,0,0,60000
-0.866764305,0.114680193,-0.524174055,1.17519481,1.066473212,-0.285504061,1.675934854,0,0,0,1,0,1,0,0,0,0,1,0,0,0,0,0,0,0,0,0,0,0,0,0,0,0,0,1,0,0,239000
0.779765657,0.107055662,-0.524174055,0.620769127,0.24621089,-0.285504061,-0.557953004,0,0,0,1,0,0,0,0,0,1,0,0,1,0,0,0,0,0,0,0,0,1,0,0,0,0,0,0,0,0,118500
-0.866764305,-0.324474218,1.268608656,-0.683761892,-1.683818102,-0.285504061,-2.410445374,0,0,0,1,0,0,0,0,0,1,1,0,0,0,0,0,0,0,0,0,0,0,0,0,0,0,0,0,1,0,109500
-0.866764305,-0.251018367,0.372217301,0.131569995,-0.477549982,-0.285504061,-0.31277019,0,0,0,1,0,0,0,0,0,1,1,0,0,0,0,0,0,0,0,0,0,1,0,0,0,0,0,0,0,0,110000
-0.27871789,-0.321963702,0.372217301,-0.55330879,-1.490815202,-0.285504061,-0.521629624,0,0,0,1,0,1,0,0,0,0,1,0,0,0,0,0,0,0,0,0,0,0,0,1,0,0,0,0,0,0,105500
0.074109959,0.048755891,-0.524174055,0.88167533,0.680467413,-0.285504061,-0.299148922,0,0,0,1,0,1,0,0,0,0,1,0,0,0,0,0,0,0,0,0,0,0,0,0,0,0,0,1,0,0,199900
-0.866764305,0.371403744,1.268608656,0.620769127,0.294461615,0.833688316,2.488670478,0,0,0,1,0,0,1,0,0,0,1,0,0,0,0,0,0,0,0,0,0,1,0,0,0,0,0,0,0,0,271900
3.131951317,0.08697153,-1.42056541,-0.19456276,-0.96005723,-0.285504061,-0.051695898,0,0,0,1,0,0,0,0,0,1,0,1,0,0,0,0,0,0,0,0,0,0,0,0,1,0,0,0,0,0,131500
-0.161108607,0.985271503,-0.524174055,-0.748988443,-1.683818102,-0.285504061,-0.775893282,0,0,0,1,0,0,0,0,0,1,1,0,0,0,0,0,0,0,0,0,0,0,0,0,0,0,0,0,1,0,135000
-0.161108607,-0.2124308,2.165000012,-2.314425665,-1.683818102,2.186836162,-0.455793498,0,0,0,1,0,0,0,0,0,1,1,0,0,0,0,0,0,0,0,0,0,0,0,1,0,0,0,0,0,0,119000
0.074109959,0.916278792,0.372217301,0.490316025,0.294461615,-0.285504061,-0.614708284,0,0,0,1,0,0,1,0,0,0,1,0,0,0,0,0,0,0,0,0,0,0,0,0,1,0,0,0,0,0,215000
-0.866764305,0.449415718,0.372217301,0.033730168,-0.622302156,-0.285504061,-0.448982864,0,0,0,1,0,0,1,0,0,0,1,0,0,0,0,0,0,0,0,0,0,1,0,0,0,0,0,0,0,0,133500
-0.161108607,-0.097783883,1.268608656,-1.694773431,0.24621089,-0.285504061,-0.585195538,0,0,0,1,0,0,0,0,0,1,1,0,0,0,0,0,0,0,0,0,0,0,0,0,0,0,0,0,1,0,169000
0.662156374,-0.175702874,1.268608656,-0.259789311,-1.056558679,-0.285504061,-0.285527655,0,0,0,1,0,0,0,0,0,1,1,0,0,0,0,0,0,0,0,0,0,0,0,1,0,0,0,0,0,0,137500
-0.866764305,-0.212709746,-0.524174055,1.17519481,1.066473212,-0.285504061,0.132191213,0,0,0,1,0,0,0,0,0,1,1,0,0,0,0,0,0,0,0,0,0,0,0,0,0,0,0,1,0,0,147000
-0.866764305,-0.186116868,-0.524174055,1.109968259,0.969971762,-0.285504061,1.258215987,0,0,0,1,0,0,0,0,0,1,1,0,0,0,0,0,0,0,0,0,0,0,0,0,0,0,0,1,0,0,232000
-0.866764305,-0.037252542,1.268608656,-0.19456276,-0.96005723,-0.285504061,0.025491285,0,0,0,1,0,0,0,0,0,1,1,0,0,0,0,0,0,0,0,0,0,0,0,1,0,0,0,0,0,0,156000
-0.866764305,-0.063194545,-0.524174055,0.098956719,-0.477549982,0.492239794,0.742878036,0,0,0,1,0,0,0,0,0,1,1,0,0,0,0,0,0,0,0,0,0,1,0,0,0,0,0,0,0,0,170000
-0.631545739,0.153639689,-0.524174055,-1.009894646,-1.683818102,-0.285504061,-0.455793498,0,0,0,1,0,0,0,0,0,1,1,0,0,0,0,0,0,0,0,0,0,0,0,0,0,0,0,1,0,0,82500
0.309328525,-0.324474218,3.061391367,-1.140347748,1.066473212,1.042351302,-1.13912708,0,0,0,1,0,0,0,0,0,1,1,0,0,0,0,0,0,0,0,0,0,0,0,0,0,0,0,0,1,0,155000
0.074109959,-0.067378739,-0.524174055,1.142581534,1.066473212,-0.285504061,0.917684301,0,0,0,1,0,0,0,0,0,1,1,0,0,0,0,0,0,0,0,0,0,0,0,0,0,0,0,1,0,0,424870
1.485421355,-0.492864784,-0.524174055,0.783835504,0.535715239,-0.285504061,1.210541551,0,0,0,1,0,0,0,0,0,1,0,0,0,0,1,0,0,0,0,0,1,0,0,0,0,0,0,0,0,0,236500
-0.866764305,0.007285879,2.165000012,0.16418327,0.921721037,-0.285504061,0.851848175,0,0,0,1,0,1,0,0,0,0,1,0,0,0,0,0,0,0,0,0,0,0,0,0,1,0,0,0,0,0,218000
-0.866764305,-0.087369889,-0.524174055,0.946901881,0.776968863,-0.285504061,1.289998944,0,0,0,1,0,0,0,0,0,1,1,0,0,0,0,0,0,0,0,0,0,0,0,0,0,0,0,1,0,0,213000
-0.866764305,0.338581066,-0.524174055,1.012128432,0.825219588,-0.285504061,1.675934854,0,0,0,1,0,0,0,0,0,1,1,0,0,0,0,0,0,0,0,0,0,0,0,0,0,0,0,1,0,0,312500
0.544547091,-0.101317202,1.268608656,0.16418327,0.439213789,-0.285504061,-1.21177384,0,0,0,1,0,0,0,1,0,0,1,0,0,0,0,0,0,0,0,0,0,0,0,0,1,0,0,0,0,0,187000
0.074109959,1.301038681,-0.524174055,0.914288606,0.680467413,-0.285504061,-0.501197723,0,0,0,1,0,0,1,0,0,0,1,0,0,0,0,0,0,0,0,0,0,0,0,0,0,0,0,1,0,0,181000
0.074109959,-0.050920909,-0.524174055,1.077354983,0.921721037,-0.285504061,-0.24012343,0,0,0,1,0,0,0,0,0,1,1,0,0,0,0,0,0,0,0,0,0,0,0,0,0,0,0,1,0,0,233000
-0.161108607,-0.149295961,0.372217301,-0.977281371,-1.683818102,2.117281834,-1.011995251,0,0,0,1,0,0,0,0,0,1,1,0,0,0,0,0,0,0,0,0,0,0,0,0,0,0,0,1,0,0,95000
-0.631545739,-0.609929235,0.372217301,-1.172961024,0.873470313,-0.285504061,-1.797488339,0,0,0,1,0,0,0,0,0,1,1,0,0,0,0,0,0,0,0,0,0,0,0,0,0,0,0,1,0,0,52000
-0.866764305,0.590748495,-0.524174055,0.262023097,0.632216689,-0.285504061,0.681582332,0,0,0,1,0,0,1,0,0,0,1,0,0,0,0,0,0,0,0,0,0,1,0,0,0,0,0,0,0,0,181000
-0.866764305,0.626081689,-0.524174055,1.207808085,1.162974661,-0.285504061,2.620342729,0,0,0,1,0,0,1,0,0,0,1,0,0,0,0,0,0,0,0,0,0,0,0,0,0,0,0,1,0,0,501837
-0.866764305,-0.238465785,-1.42056541,0.001116893,-0.670552881,-0.285504061,-0.462604132,0,0,0,1,0,1,0,0,0,0,1,0,0,0,0,0,0,0,0,0,0,1,0,0,0,0,0,0,0,0,88000
-0.866764305,-0.177562516,-0.524174055,0.457702749,0.004957266,-0.285504061,-0.519359413,0,0,0,1,0,1,0,0,0,0,1,0,0,0,0,0,0,0,0,0,0,1,0,0,0,0,0,0,0,0,112000
-0.866764305,-0.272125302,1.268608656,-0.292402586,-0.236296358,0.397392983,-0.296878711,0,0,0,1,0,0,0,0,0,1,1,0,0,0,0,0,0,0,0,0,0,0,0,1,0,0,0,0,0,0,140000
-0.866764305,-0.101317202,-0.524174055,-0.585922065,-1.539065927,-0.285504061,0.804173739,0,0,0,1,0,0,0,0,0,1,1,0,0,0,0,0,0,0,0,0,0,1,0,0,0,0,0,0,0,0,167000
-0.866764305,0.084646978,-0.524174055,-0.357629137,-1.201310854,-0.285504061,0.729256768,0,0,0,1,0,0,0,0,0,1,1,0,0,0,0,0,0,0,0,0,0,0,0,0,0,0,0,0,1,0,145250
-0.866764305,0.23109377,0.372217301,0.229409821,0.149709441,0.745164625,1.090220355,0,0,0,1,0,0,0,0,0,1,1,0,0,0,0,0,0,0,0,0,0,0,0,0,1,0,0,0,0,0,210000
0.309328525,-0.023212246,2.165000012,-2.183972563,0.825219588,-0.285504061,-0.934808069,0,0,0,0,1,0,0,0,0,1,1,0,0,0,0,0,0,0,0,0,0,0,0,1,0,0,0,0,0,0,157500
-0.866764305,-0.05631387,-0.524174055,1.109968259,1.018222487,-0.285504061,1.112922468,0,0,0,1,0,0,0,0,0,1,1,0,0,0,0,0,0,0,0,0,0,0,0,0,0,0,0,1,0,0,212900
-0.866764305,-0.147808247,0.372217301,-0.19456276,-0.96005723,2.661070221,-0.310499979,0,0,0,1,0,0,0,0,0,1,1,0,0,0,0,0,0,0,0,0,0,0,0,0,0,0,0,1,0,0,117500
-0.866764305,-0.178213391,-0.524174055,1.077354983,0.921721037,-0.285504061,0.799633317,0,0,0,1,0,0,0,1,0,0,1,0,0,0,0,0,0,0,0,0,0,0,0,0,0,0,0,1,0,0,185500
-0.161108607,-0.206386964,-3.213348121,-1.825226533,-0.139794908,-0.285504061,-0.11072139,1,0,0,0,0,1,0,0,0,0,1,0,0,0,0,0,0,0,0,0,0,0,0,0,1,0,0,0,0,0,85000
0.779765657,-0.213546585,-0.524174055,-0.390242413,0.969971762,-0.285504061,1.280918099,0,0,0,1,0,1,0,0,0,0,0,0,1,0,0,0,0,0,0,0,0,0,0,1,0,0,0,0,0,0,145000
-0.866764305,0.042433109,-0.524174055,1.142581534,1.018222487,-0.285504061,1.469345632,0,0,0,1,0,0,0,0,0,1,1,0,0,0,0,0,0,0,0,0,0,0,0,0,0,0,0,1,0,0,255500
0.309328525,-0.157106456,0.372217301,-2.966691174,0.294461615,-0.285504061,-0.966591026,0,0,0,0,1,1,0,0,0,0,1,0,0,0,0,0,0,0,0,0,0,0,0,0,0,0,0,1,0,0,124000
-0.161108607,-0.436052726,3.061391367,-1.107734473,0.728718138,-0.285504061,-0.82583793,0,0,0,0,1,0,0,0,0,1,1,0,0,0,0,0,0,0,0,0,0,0,0,1,0,0,0,0,0,0,134900
0.074109959,0.04689625,-0.524174055,0.946901881,0.728718138,-0.285504061,0.781471627,0,0,0,1,0,1,0,0,0,0,1,0,0,0,0,0,0,0,0,0,0,0,0,0,0,0,0,1,0,0,230500
-0.866764305,-0.311456726,0.372217301,0.001116893,-0.670552881,-0.285504061,-0.462604132,0,0,0,1,0,0,0,0,0,1,1,0,0,0,0,0,0,0,0,0,0,1,0,0,0,0,0,0,0,0,110000
0.074109959,0.457598142,-0.524174055,1.142581534,1.018222487,-0.285504061,0.039112552,0,0,0,1,0,0,0,0,0,1,1,0,0,0,0,0,0,0,0,0,0,0,0,0,0,0,0,1,0,0,233230
0.309328525,-0.324474218,1.268608656,-1.662160155,-1.683818102,-0.285504061,-1.057399476,0,0,0,0,1,1,0,0,0,0,1,0,0,0,0,0,0,0,0,0,0,0,0,0,0,0,0,0,1,0,157000
0.779765657,0.224213095,-0.524174055,-0.19456276,-0.96005723,-0.285504061,1.512479645,0,0,0,1,0,0,0,0,0,1,0,0,1,0,0,0,0,0,0,0,0,1,0,0,0,0,0,0,0,0,142600
2.426295619,-0.766325111,-0.524174055,1.044741708,0.921721037,-0.285504061,-0.676003988,0,0,0,1,0,0,0,0,0,1,0,0,0,1,0,0,0,0,0,0,0,0,0,0,0,0,0,1,0,0,154000
0.074109959,0.596420402,-0.524174055,1.142581534,1.018222487,-0.285504061,-0.925727224,0,0,0,1,0,0,0,0,0,1,1,0,0,0,0,0,0,0,0,0,0,0,0,0,0,0,0,1,0,0,179665
-0.631545739,-0.408901956,-0.524174055,-1.336027401,-1.683818102,-0.285504061,-0.666923143,0,0,0,1,0,0,0,0,0,1,1,0,0,0,0,0,0,0,0,0,0,0,0,0,0,0,0,0,1,0,91000
0.074109959,0.157544937,1.268608656,0.16418327,-0.429299257,-0.285504061,-0.610167862,0,0,0,1,0,0,1,0,0,0,1,0,0,0,0,0,0,0,0,0,0,0,0,0,1,0,0,0,0,0,197900
0.074109959,-0.019492963,0.372217301,0.16418327,-0.429299257,-0.285504061,-0.58746575,0,0,0,1,0,0,0,0,0,1,1,0,0,0,0,0,0,0,0,0,0,0,0,0,1,0,0,0,0,0,205000
0.309328525,-0.519736608,1.268608656,-1.499093778,0.535715239,-0.285504061,-1.075561166,0,0,0,0,1,0,0,0,0,1,1,0,0,0,0,0,0,0,0,0,0,0,0,0,0,0,1,0,0,0,161000
0.544547091,-0.214290442,2.165000012,0.196796546,-0.381048532,-0.285504061,-0.174287304,0,0,0,1,0,0,0,0,0,1,1,0,0,0,0,0,0,0,0,0,0,1,0,0,0,0,0,0,0,0,149900
1.485421355,-0.231678092,-0.524174055,1.077354983,0.921721037,-0.285504061,0.672501487,0,0,0,0,1,0,0,0,1,0,0,0,0,0,1,0,0,0,0,0,0,0,0,0,0,0,0,1,0,0,207000
1.485421355,-0.582406536,-0.524174055,1.077354983,0.921721037,-0.285504061,-0.485306244,0,0,0,0,1,0,0,0,0,1,0,0,0,0,1,0,0,0,0,0,0,0,0,0,0,0,0,1,0,0,143000
0.074109959,0.03490156,-0.524174055,1.142581534,1.018222487,-0.285504061,0.052733819,0,0,0,1,0,0,0,0,0,1,1,0,0,0,0,0,0,0,0,0,0,0,0,0,0,0,0,1,0,0,281000
-0.866764305,0.107334608,-0.524174055,1.207808085,1.114723937,-0.285504061,2.234406819,0,0,0,1,0,0,0,0,0,1,1,0,0,0,0,0,0,0,0,0,0,0,0,0,0,0,0,1,0,0,372500
0.074109959,-0.034742026,-0.524174055,0.946901881,0.728718138,-0.285504061,-0.158395826,0,0,0,1,0,0,0,0,0,1,1,0,0,0,0,0,0,0,0,0,0,0,0,0,0,0,0,1,0,0,235000
0.426937808,0.11142582,0.372217301,-1.792613257,0.439213789,-0.285504061,-0.494387089,0,0,0,1,0,0,0,0,0,1,1,0,0,0,0,0,0,0,0,0,0,0,0,0,0,0,0,0,1,0,214500
0.074109959,-0.073422575,-0.524174055,0.718608953,0.390963065,-0.285504061,0.647529164,0,0,0,1,0,0,0,0,0,1,1,0,0,0,0,0,0,0,0,0,0,1,0,0,0,0,0,0,0,0,260000
-0.866764305,-0.305226926,1.268608656,-0.455468963,0.535715239,-0.285504061,-0.340012725,0,0,0,0,1,0,0,0,0,1,1,0,0,0,0,0,0,0,0,0,0,0,0,1,0,0,0,0,0,0,149700
-0.866764305,-0.167799397,-0.524174055,0.392476199,-0.091544183,1.76318707,-0.448982864,0,0,0,1,0,0,0,0,0,1,1,0,0,0,0,0,0,0,0,0,0,1,0,0,0,0,0,0,0,0,131000
-0.866764305,0.211846477,0.372217301,-0.292402586,-1.104809404,-0.285504061,-0.340012725,0,0,0,1,0,0,0,0,0,1,1,0,0,0,0,0,0,0,0,0,0,1,0,0,0,0,0,0,0,0,144000
-0.866764305,1.960095736,-0.524174055,-0.357629137,-1.201310854,-0.285504061,0.041382763,0,0,0,1,0,1,0,0,0,0,1,0,0,0,0,0,0,0,1,0,0,0,0,0,0,0,0,0,0,0,215000
0.544547091,0.800237144,-0.524174055,-0.292402586,-1.104809404,4.077449274,0.681582332,0,0,0,1,0,1,0,0,0,0,1,0,0,0,0,0,0,0,0,0,0,0,0,0,0,0,0,0,1,0,176000
0.779765657,-0.21289571,-0.524174055,0.196796546,-0.381048532,-0.285504061,-2.410445374,0,0,1,0,0,0,0,0,0,1,0,0,1,0,0,0,0,0,0,0,0,0,0,0,1,0,0,0,0,0,144000
0.544547091,-0.174215161,1.268608656,0.001116893,-0.670552881,-0.285504061,-0.117532023,0,0,0,1,0,0,0,0,0,1,1,0,0,0,0,0,0,0,0,0,0,1,0,0,0,0,0,0,0,0,155000
0.074109959,0.145736211,-0.524174055,0.783835504,0.487464514,0.119175668,0.581693038,0,0,0,1,0,0,0,0,0,1,1,0,0,0,0,0,0,0,0,0,0,0,0,0,0,0,0,1,0,0,290000
0.074109959,-0.150969638,-0.524174055,0.914288606,0.728718138,-0.285504061,-0.131153291,0,0,0,1,0,0,0,0,0,1,1,0,0,0,0,0,0,0,0,0,0,0,0,0,0,0,0,1,0,0,230000
-0.866764305,-0.047201626,-0.524174055,1.142581534,1.018222487,-0.285504061,1.358105281,0,0,0,1,0,0,1,0,0,0,1,0,0,0,0,0,0,0,0,0,0,0,0,0,0,0,0,1,0,0,290000
1.485421355,-0.517969948,-0.524174055,0.914288606,0.728718138,-0.285504061,1.444373308,0,1,0,0,0,0,1,0,0,0,0,0,0,0,1,0,0,0,0,0,0,0,0,1,0,0,0,0,0,0,328900
-0.866764305,-0.364642481,2.165000012,-0.325015862,0.535715239,-0.285504061,-0.340012725,0,0,0,1,0,0,0,0,0,1,1,0,0,0,0,0,0,0,0,0,0,1,0,0,0,0,0,0,0,0,142000
0.074109959,0.440396455,-0.524174055,0.849062055,0.583965964,-0.285504061,-0.303689345,0,0,0,1,0,0,0,0,0,1,1,0,0,0,0,0,0,0,0,0,0,0,0,0,0,0,0,1,0,0,231500
0.074109959,0.208871051,0.372217301,0.033730168,-0.622302156,-0.285504061,-0.769082649,0,0,0,1,0,0,1,0,0,0,1,0,0,0,0,0,0,0,0,0,0,1,0,0,0,0,0,0,0,0,162000
-0.866764305,-0.296579591,-0.524174055,-0.259789311,-1.056558679,-0.285504061,-0.049425686,0,0,0,1,0,1,0,0,0,0,1,0,0,0,0,0,0,0,0,0,0,1,0,0,0,0,0,0,0,0,133000
-0.866764305,0.258709451,-0.524174055,1.044741708,0.873470313,-0.285504061,3.019899907,0,0,0,1,0,0,0,0,0,1,1,0,0,0,0,0,0,0,0,0,0,0,0,0,0,0,0,1,0,0,386250
-0.631545739,-0.436052726,0.372217301,-1.499093778,-0.236296358,-0.285504061,0.093597622,0,0,0,0,1,0,0,0,0,1,1,0,0,0,0,0,0,0,0,0,0,0,0,1,0,0,0,0,0,0,110500
0.074109959,0.010261306,-0.524174055,1.17519481,1.114723937,-0.285504061,-0.063046954,0,1,0,0,0,0,0,0,0,1,1,0,0,0,0,0,0,0,0,0,0,0,0,0,0,0,0,1,0,0,339750
-0.27871789,-0.529034817,0.372217301,-0.977281371,-1.683818102,-0.285504061,-0.775893282,0,0,0,0,1,0,0,0,0,1,1,0,0,0,0,0,0,0,0,0,0,0,0,1,0,0,0,0,0,0,87000
-0.866764305,0.307803994,2.165000012,-0.683761892,0.921721037,-0.285504061,0.068625298,0,0,0,1,0,0,0,0,0,1,1,0,0,0,0,0,0,0,0,0,0,1,0,0,0,0,0,0,0,0,158500
0.662156374,-0.00601056,0.372217301,0.098956719,-0.525800706,0.776780229,-0.01991294,0,0,0,1,0,0,0,0,0,1,1,0,0,0,0,0,0,0,0,0,0,0,0,0,1,0,0,0,0,0,170000
3.131951317,-0.473245563,-0.524174055,-1.336027401,-1.683818102,-0.285504061,-2.410445374,0,0,0,0,1,0,0,0,0,1,0,1,0,0,0,0,0,0,0,0,0,0,0,0,0,0,0,1,0,0,55000
0.309328525,0.22709554,-0.524174055,-1.857839808,-1.683818102,-0.285504061,-0.714597579,0,0,0,1,0,0,0,0,0,1,1,0,0,0,0,0,0,0,0,0,0,0,0,0,0,0,0,0,1,0,138887
0.544547091,-0.046271805,0.372217301,-0.096722933,0.34271234,-0.285504061,-1.116424968,0,0,0,1,0,0,0,0,0,1,1,0,0,0,0,0,0,0,0,0,0,0,0,1,0,0,0,0,0,0,170000
-0.866764305,0.38767561,-0.524174055,1.142581534,1.018222487,-0.285504061,1.380807394,0,0,0,1,0,0,1,0,0,0,1,0,0,0,0,0,0,0,0,0,0,0,0,0,0,0,0,1,0,0,240000
2.426295619,-0.75739883,-0.524174055,1.109968259,0.969971762,-0.285504061,-1.048318631,0,1,0,0,0,0,0,0,0,1,0,0,0,1,0,0,0,0,0,0,0,0,0,1,0,0,0,0,0,0,147400
-0.866764305,0.456761303,2.165000012,-0.390242413,0.583965964,-0.285504061,0.997141694,0,0,0,1,0,0,0,0,0,1,1,0,0,0,0,0,0,0,1,0,0,0,0,0,0,0,0,0,0,0,289000
0.779765657,-0.134232862,-0.524174055,0.066343444,-0.574051431,-0.285504061,1.349024436,0,0,0,1,0,0,0,0,0,1,0,0,1,0,0,0,0,0,0,0,0,0,0,0,1,0,0,0,0,0,135000
0.309328525,-0.105966307,-0.524174055,-1.825226533,-0.718803606,-0.285504061,-0.694165678,0,0,0,1,0,1,0,0,0,0,1,0,0,0,0,0,0,0,0,0,0,0,0,0,0,0,0,0,1,0,140000
0.074109959,0.379772132,-0.524174055,0.914288606,0.680467413,-0.285504061,0.751958881,0,0,0,1,0,1,0,0,0,0,1,0,0,0,0,0,0,0,0,0,0,0,0,0,0,0,0,1,0,0,333168
0.309328525,-0.112475053,1.268608656,-0.944668095,0.487464514,-0.285504061,-0.757731592,0,0,0,1,0,0,0,0,0,1,1,0,0,0,0,0,0,0,0,0,0,0,0,1,0,0,0,0,0,0,146500
0.074109959,0.131045041,-0.524174055,1.077354983,0.921721037,-0.285504061,0.168514593,0,0,0,1,0,0,0,0,0,1,1,0,0,0,0,0,0,0,0,0,0,0,0,0,0,0,0,1,0,0,354000
-0.161108607,0.318496935,-0.524174055,0.718608953,0.487464514,-0.285504061,-0.603357228,0,0,0,1,0,0,0,0,0,1,1,0,0,0,0,0,0,0,0,0,0,0,0,0,0,0,0,1,0,0,143000
-0.866764305,-0.153666119,-0.524174055,1.142581534,1.018222487,-0.285504061,0.940386413,0,0,0,1,0,0,0,0,0,1,1,0,0,0,0,0,0,0,0,0,0,0,0,0,0,0,0,1,0,0,265900
-0.866764305,-0.135720575,2.165000012,-0.19456276,0.632216689,-0.285504061,-0.448982864,0,0,0,1,0,1,0,0,0,0,1,0,0,0,0,0,0,0,0,0,0,0,0,1,0,0,0,0,0,0,146000
-0.866764305,-0.051106873,-0.524174055,0.098956719,-0.525800706,-0.285504061,0.005059383,0,0,0,1,0,0,0,0,0,1,1,0,0,0,0,0,0,0,0,0,0,1,0,0,0,0,0,0,0,0,165000
0.779765657,-0.432333443,-0.524174055,-0.520695514,-1.442564478,-0.285504061,-2.410445374,0,0,0,1,0,0,0,0,0,1,0,0,1,0,0,1,0,0,0,0,0,0,0,0,0,0,0,0,0,0,82000
-0.866764305,-0.051106873,-0.524174055,0.88167533,0.680467413,6.840653054,1.335403169,0,0,0,1,0,0,0,0,0,1,1,0,0,0,0,0,0,0,0,0,0,0,0,0,0,0,0,1,0,0,213250
-0.161108607,-0.529034817,-1.42056541,-2.314425665,-1.683818102,-0.285504061,-1.184531305,0,0,0,0,1,1,0,0,0,0,1,0,0,0,0,0,0,0,0,0,0,0,0,0,0,0,0,0,1,0,79000
-0.866764305,-0.031115724,-0.524174055,-0.129336209,-0.86355578,-0.285504061,0.345591069,0,0,0,1,0,1,0,0,0,0,1,0,0,0,0,0,0,0,0,0,0,0,0,1,0,0,0,0,0,0,143000
0.074109959,0.262893645,2.165000012,0.16418327,0.969971762,-0.285504061,-0.764542226,0,0,0,1,0,0,1,0,0,0,1,0,0,0,0,0,0,0,0,0,0,1,0,0,0,0,0,0,0,0,130500
0.074109959,-0.021073658,-0.524174055,1.109968259,0.969971762,-0.285504061,-0.383146738,0,0,0,1,0,0,1,0,0,0,1,0,0,0,0,0,0,0,0,0,0,0,0,0,0,0,0,1,0,0,239900
0.309328525,-0.296579591,1.268608656,-0.944668095,-1.683818102,-0.285504061,-0.660112509,0,0,0,1,0,0,0,0,0,1,1,0,0,0,0,0,0,0,0,0,0,0,0,0,0,0,0,0,1,0,177500
0.074109959,0.106869698,-0.524174055,0.620769127,0.24621089,-0.285504061,0.938116202,0,0,0,1,0,0,0,0,0,1,1,0,0,0,0,0,0,0,0,0,0,1,0,0,0,0,0,0,0,0,262280
-0.866764305,-0.064124366,-0.524174055,1.142581534,1.018222487,-0.285504061,1.194650072,0,0,0,1,0,0,0,0,0,1,1,0,0,0,0,0,0,0,0,0,0,0,0,0,0,0,0,1,0,0,227000
-0.866764305,-0.165474844,0.372217301,-0.390242413,-1.249561578,-0.285504061,-0.923457013,0,0,0,1,0,1,0,0,0,0,1,0,0,0,0,0,0,0,1,0,0,0,0,0,0,0,0,0,0,0,159500
-0.866764305,-0.135162683,-0.524174055,0.849062055,0.583965964,-0.285504061,0.947197047,0,0,0,1,0,0,0,0,0,1,1,0,0,0,0,0,0,0,0,0,0,0,0,0,0,0,0,1,0,0,217000
-0.161108607,0.374751099,-0.524174055,0.783835504,0.535715239,-0.285504061,2.204894073,0,0,0,1,0,0,1,0,0,0,1,0,0,0,0,0,0,0,0,0,0,0,0,0,0,0,0,1,0,0,410000
0.662156374,-0.171425698,-0.524174055,0.81644878,0.535715239,-0.285504061,-0.435361597,0,0,0,1,0,0,1,0,0,0,1,0,0,0,0,0,0,0,0,0,0,0,0,0,0,0,0,1,0,0,148000
0.309328525,-0.101317202,1.268608656,-1.499093778,0.24621089,-0.285504061,-0.757731592,0,0,0,0,1,0,0,0,0,1,1,0,0,0,0,0,0,0,0,0,0,0,0,0,0,0,0,0,1,0,178000
-0.161108607,-0.413737025,1.268608656,-1.336027401,0.34271234,-0.285504061,0.036842341,0,0,0,0,1,0,0,0,0,1,1,0,0,0,0,0,0,0,0,0,0,0,0,1,0,0,0,0,0,0,162900
0.544547091,0.318496935,-0.524174055,0.294636372,-0.236296358,-0.285504061,0.704284445,0,0,0,1,0,0,0,0,0,1,1,0,0,0,0,0,0,0,0,0,0,0,0,0,1,0,0,0,0,0,187500
-0.161108607,0.169074716,1.268608656,-1.009894646,0.004957266,-0.285504061,-0.178827727,0,0,0,1,0,0,0,0,0,1,1,0,0,0,0,0,0,0,0,0,0,0,0,0,0,0,0,1,0,0,160000
0.074109959,0.007378861,-0.524174055,1.17519481,1.066473212,-0.285504061,-0.444442442,0,0,0,1,0,0,0,0,0,1,1,0,0,0,0,0,0,0,0,0,0,0,0,0,0,0,0,1,0,0,212000
-0.866764305,-0.157106456,-0.524174055,-0.488082239,-1.394313753,-0.285504061,0.304727267,0,0,0,1,0,0,0,0,0,1,1,0,0,0,0,0,0,0,0,0,0,0,0,0,0,0,0,0,1,0,139000
-0.866764305,-0.177841462,-0.524174055,-0.716375167,0.873470313,-0.285504061,-2.410445374,0,0,0,1,0,0,0,0,0,1,1,0,0,0,0,0,0,0,0,0,0,0,0,0,0,0,0,1,0,0,108000
-0.866764305,0.075348769,-2.316956766,-0.455468963,-1.346063028,-0.285504061,-2.410445374,0,0,0,1,0,0,1,0,0,0,1,0,0,0,0,0,0,0,0,0,0,0,0,0,0,0,0,0,1,0,84000
0.074109959,0.035831381,-1.42056541,-0.064109658,-0.76705433,0.934858249,-0.630599763,0,0,0,1,0,0,0,0,0,1,1,0,0,0,0,0,0,0,0,0,0,1,0,0,0,0,0,0,0,0,172000
-0.161108607,-0.088485674,1.268608656,-1.531707054,-1.683818102,-0.285504061,-0.630599763,0,0,0,1,0,0,0,0,0,1,1,0,0,0,0,1,0,0,0,0,0,0,0,0,0,0,0,0,0,0,104900
0.309328525,-0.659209743,1.268608656,-1.98829291,0.390963065,-0.285504061,-0.857620887,0,0,0,0,1,0,0,0,0,1,1,0,0,0,0,0,0,0,0,0,0,0,0,0,0,0,0,1,0,0,114504
2.426295619,-0.820161741,0.372217301,-0.031496382,-0.718803606,-0.285504061,-1.313933346,0,0,0,0,1,0,0,0,0,1,0,0,0,1,0,0,0,0,0,0,0,1,0,0,0,0,0,0,0,0,106000
-0.866764305,-0.03092976,-0.524174055,0.620769127,0.294461615,-0.285504061,-0.344553147,0,0,0,1,0,1,0,0,0,0,1,0,0,0,0,0,0,0,0,0,0,1,0,0,0,0,0,0,0,0,179900
-0.866764305,-0.168543253,-0.524174055,-0.651148616,-1.635567377,-0.285504061,-0.512548779,0,0,0,1,0,0,0,0,0,1,1,0,0,0,0,0,0,0,0,0,0,0,0,0,0,0,0,0,1,0,102000
-0.866764305,-0.204806268,-0.524174055,1.077354983,0.921721037,-0.285504061,0.994871483,0,0,0,1,0,0,0,1,0,0,1,0,0,0,0,0,0,0,0,0,0,0,0,0,0,0,0,1,0,0,190000
0.074109959,0.544443414,-0.524174055,0.88167533,0.632216689,-0.285504061,0.504505856,0,0,0,1,0,0,0,0,0,1,1,0,0,0,0,0,0,0,0,0,0,0,0,0,0,0,0,1,0,0,340000
-0.866764305,0.856398326,-0.524174055,-0.031496382,0.197960165,-0.285504061,2.009655906,0,0,0,1,0,0,0,0,0,1,1,0,0,0,0,0,0,0,0,0,0,0,0,0,1,0,0,0,0,0,180000
-0.866764305,-0.365200374,-0.524174055,1.142581534,1.018222487,-0.285504061,0.284295366,0,0,0,1,0,0,0,0,0,1,1,0,0,0,0,0,0,0,0,0,0,0,0,0,0,0,0,1,0,0,206000
-0.161108607,0.135787128,-0.524174055,-0.55330879,-1.490815202,-0.285504061,-0.026723574,0,0,0,0,1,0,0,0,0,1,1,0,0,0,0,0,0,0,0,0,0,0,0,1,0,0,0,0,0,0,131500
0.779765657,-0.27696037,-2.316956766,0.196796546,-0.381048532,-0.285504061,0.858658809,0,0,0,1,0,0,0,0,0,1,0,0,1,0,0,0,0,0,0,0,0,0,0,1,0,0,0,0,0,0,150000
-0.866764305,-0.025071888,-0.524174055,1.24042136,1.162974661,-0.285504061,0.341050647,0,0,0,1,0,1,0,0,0,0,1,0,0,0,0,0,0,0,0,0,0,0,0,0,0,0,0,1,0,0,186000
-0.161108607,-0.463947354,1.268608656,-1.466480503,-1.683818102,-0.285504061,-1.111884546,0,0,0,0,1,0,0,0,0,1,1,0,0,0,0,0,0,0,0,0,0,0,0,0,0,0,0,0,1,0,116900
0.074109959,-0.160546793,3.061391367,0.16418327,0.535715239,0.220345601,0.18213586,0,0,0,1,0,0,0,0,0,1,1,0,0,0,0,0,0,0,0,0,0,0,0,0,0,0,0,1,0,0,299800
0.074109959,-0.164173095,-0.524174055,0.88167533,0.680467413,-0.285504061,-0.412659484,0,0,0,1,0,0,1,0,0,0,1,0,0,0,0,0,0,0,0,0,0,0,0,0,0,0,0,1,0,0,188000
-0.866764305,-0.083650605,-0.524174055,-0.259789311,-1.056558679,0.226668722,0.60439515,0,0,0,1,0,0,0,0,0,1,1,0,0,0,0,0,0,0,0,0,0,1,0,0,0,0,0,0,0,0,143000
-0.866764305,-0.21289571,-0.524174055,-0.096722933,-0.815305055,-0.285504061,-0.022183151,0,0,0,1,0,0,0,0,0,1,1,0,0,0,0,0,0,0,0,0,0,1,0,0,0,0,0,0,0,0,138500
0.074109959,0.499254118,-0.524174055,0.653382402,0.34271234,-0.285504061,0.513586701,0,0,0,1,0,1,0,0,0,0,1,0,0,0,0,0,0,0,0,0,0,1,0,0,0,0,0,0,0,0,260000
-0.866764305,-0.232421949,0.372217301,-0.55330879,-1.490815202,-0.285504061,-0.25828512,0,0,0,1,0,0,0,0,0,1,1,0,0,0,0,0,0,0,0,0,0,0,0,0,0,0,0,0,1,0,119000
0.309328525,0.067352309,2.165000012,-1.98829291,0.390963065,-0.285504061,-0.757731592,0,0,0,1,0,1,0,0,0,0,1,0,0,0,0,0,0,0,0,0,0,1,0,0,0,0,0,0,0,0,167500
-0.631545739,-0.445350935,1.268608656,-1.564320329,-1.297812303,-0.285504061,-1.411552429,0,0,0,1,0,0,0,0,0,1,1,0,0,0,0,0,0,0,0,0,0,0,0,0,0,0,0,0,1,0,85500
1.485421355,-0.567157474,-0.524174055,1.142581534,1.018222487,-0.285504061,1.11746289,0,0,0,1,0,0,0,0,0,1,0,0,0,1,0,0,0,0,0,0,0,0,0,0,0,0,0,1,0,0,209500
0.074109959,0.035831381,-0.524174055,-0.064109658,-0.76705433,1.459677273,-0.249204275,0,0,0,1,0,0,0,0,0,1,1,0,0,0,0,0,0,0,0,0,0,1,0,0,0,0,0,0,0,0,206900
-0.631545739,1.362127914,1.268608656,-1.727386706,1.066473212,-0.285504061,-0.557953004,0,0,0,1,0,0,0,0,0,1,1,0,0,0,0,0,0,0,0,0,0,0,0,0,0,0,0,0,1,0,112000
0.074109959,-0.304483069,-0.524174055,1.077354983,0.921721037,-0.285504061,-0.505738145,0,0,0,1,0,0,0,0,0,1,1,0,0,0,0,0,0,0,0,0,0,0,0,0,0,0,0,1,0,0,193000
-0.866764305,-0.123632904,1.268608656,0.033730168,1.018222487,-0.285504061,0.225269874,0,0,0,1,0,0,0,0,0,1,1,0,0,0,0,0,0,0,0,0,0,0,0,0,1,0,0,0,0,0,197500
-0.866764305,-0.101317202,0.372217301,-0.422855688,0.149709441,3.63483082,0.404616561,0,0,0,1,0,0,0,0,0,1,1,0,0,0,0,0,0,0,0,0,0,0,0,0,0,0,0,0,1,0,139000
-0.631545739,-0.407693189,1.268608656,-1.075121197,-1.683818102,-0.285504061,-0.321851035,0,0,0,1,0,0,0,0,0,1,1,0,0,0,0,0,0,0,0,0,0,0,0,1,0,0,0,0,0,0,119750
0.662156374,-0.315083027,-0.524174055,1.044741708,0.873470313,-0.285504061,-2.410445374,0,0,0,1,0,1,0,0,0,0,1,0,0,0,0,0,0,0,0,0,0,1,0,0,0,0,0,0,0,0,198500
-0.866764305,-0.337119783,0.372217301,0.196796546,-0.381048532,-0.285504061,-0.185638361,0,0,0,1,0,0,0,0,0,1,1,0,0,0,0,0,0,0,0,0,0,0,0,0,1,0,0,0,0,0,135000
0.074109959,0.052103247,-0.524174055,0.979515157,0.825219588,-0.285504061,-0.321851035,0,0,0,1,0,0,0,0,0,1,1,0,0,0,0,0,0,0,0,0,0,0,0,0,0,0,0,1,0,0,223500
-0.866764305,-0.05631387,-0.524174055,1.077354983,0.969971762,-0.285504061,1.417130773,0,0,0,1,0,0,0,0,0,1,1,0,0,0,0,0,0,0,0,0,0,0,0,0,0,0,0,1,0,0,307000
-0.866764305,-0.250088546,0.372217301,-0.748988443,0.825219588,-0.285504061,-0.20380005,0,0,0,1,0,0,0,0,0,1,1,0,0,0,0,0,0,0,0,0,0,0,0,0,0,0,0,1,0,0,132000
-0.866764305,0.32407586,0.372217301,-0.488082239,0.101458716,-0.285504061,0.286565577,0,0,0,1,0,1,0,0,0,0,1,0,0,0,0,0,0,0,0,0,1,0,0,0,0,0,0,0,0,0,168000
0.074109959,-0.134790755,-0.524174055,0.979515157,0.825219588,-0.285504061,-0.015372518,0,0,0,1,0,0,0,0,0,1,1,0,0,0,0,0,0,0,0,0,0,0,0,0,0,0,0,1,0,0,287000
0.074109959,0.083159265,0.372217301,0.262023097,-0.284547083,0.410039224,-1.186801516,0,0,0,1,0,0,0,0,0,1,1,0,0,0,0,0,0,0,0,0,0,1,0,0,0,0,0,0,0,0,197000
-0.866764305,-0.063101563,0.372217301,-0.455468963,0.535715239,-0.285504061,0.018680651,0,0,0,1,0,0,0,0,0,1,1,0,0,0,0,0,0,0,0,0,0,1,0,0,0,0,0,0,0,0,134450
-0.866764305,-0.291000666,-0.524174055,-0.390242413,-1.249561578,-0.285504061,-0.049425686,0,0,0,1,0,0,0,0,0,1,1,0,0,0,0,0,0,0,1,0,0,0,0,0,0,0,0,0,0,0,133700
-0.866764305,0.073303163,-0.524174055,1.17519481,1.114723937,-0.285504061,1.457994576,0,0,0,1,0,0,0,0,0,1,1,0,0,0,0,0,0,0,0,0,0,0,0,0,0,0,0,1,0,0,306000
-0.866764305,0.062424259,-0.524174055,0.16418327,-0.429299257,-0.285504061,0.297916633,0,0,0,1,0,0,0,0,0,1,1,0,0,0,0,0,0,0,0,0,0,0,0,0,1,0,0,0,0,0,180000
-0.866764305,0.048941856,-0.524174055,1.142581534,1.018222487,-0.285504061,0.96989916,0,1,0,0,0,0,0,0,0,1,1,0,0,0,0,0,0,0,0,0,0,0,0,0,0,0,0,1,0,0,232600
1.485421355,-0.65595537,-0.524174055,1.17519481,1.066473212,-0.285504061,0.736067402,0,0,0,1,0,0,0,0,0,1,0,0,0,0,1,0,0,0,0,0,0,0,0,0,0,0,0,1,0,0,175900
-0.866764305,-0.147808247,-0.524174055,0.979515157,0.776968863,-0.285504061,0.341050647,0,0,0,1,0,0,0,0,0,1,1,0,0,0,0,0,0,0,0,0,0,0,0,0,0,0,0,1,0,0,178000
-0.866764305,-0.081976927,-0.524174055,1.012128432,0.825219588,-0.285504061,1.160596903,0,0,0,1,0,0,0,0,0,1,1,0,0,0,0,0,0,0,0,0,0,0,0,0,0,0,0,1,0,0,227000
0.074109959,-0.02693153,-0.524174055,0.033730168,-0.622302156,-0.285504061,-0.748650748,0,0,0,1,0,0,0,0,0,1,1,0,0,0,0,0,0,0,0,0,0,0,0,0,0,0,0,1,0,0,165150
0.309328525,0.994383748,0.372217301,-1.564320329,0.921721037,-0.285504061,0.595314305,0,0,0,1,0,0,0,0,0,1,1,0,0,0,0,0,0,0,0,0,0,0,0,0,0,0,0,0,1,0,223500
0.074109959,-0.176539713,-0.524174055,1.044741708,0.873470313,-0.285504061,-0.448982864,0,1,0,0,0,0,0,0,0,1,1,0,0,0,0,0,0,0,0,0,0,0,0,0,0,0,0,1,0,0,207500
-0.866764305,0.329189875,-0.524174055,1.17519481,1.066473212,-0.285504061,1.144705425,0,0,0,1,0,1,0,0,0,0,1,0,0,0,0,0,0,0,0,0,0,0,0,0,0,0,0,1,0,0,256300
-0.866764305,0.322402183,-0.524174055,1.109968259,1.018222487,-0.285504061,1.952900626,0,0,0,1,0,1,0,0,0,0,1,0,0,0,0,0,0,0,0,0,0,0,0,0,0,0,0,1,0,0,377426
0.074109959,0.229606057,-0.524174055,1.24042136,1.162974661,-0.285504061,-0.489846666,0,0,0,1,0,1,0,0,0,0,1,0,0,0,0,0,0,0,0,0,0,0,0,0,0,0,0,1,0,0,224500
-0.866764305,0.037784005,-0.524174055,1.142581534,1.018222487,-0.285504061,1.349024436,0,1,0,0,0,0,0,0,0,1,1,0,0,0,0,0,0,0,0,0,0,0,0,0,0,0,0,1,0,0,249700
-0.631545739,0.010261306,1.268608656,-2.803624797,0.487464514,-0.285504061,-0.95523997,0,0,0,0,1,0,0,0,0,1,1,0,0,0,0,0,0,0,0,0,0,0,0,0,0,0,0,1,0,0,100000
0.074109959,0.905771816,-0.524174055,1.109968259,1.018222487,-0.285504061,1.784904994,0,0,0,1,0,0,0,0,0,1,1,0,0,0,0,0,0,0,0,0,1,0,0,0,0,0,0,0,0,0,437154
-0.866764305,-0.0478525,-0.524174055,-0.227176035,-1.008307954,-0.285504061,0.82460564,0,0,0,1,0,0,0,0,0,1,1,0,0,0,0,0,0,0,0,0,0,1,0,0,0,0,0,0,0,0,180500
-0.631545739,-0.170681841,0.372217301,-1.792613257,-1.683818102,-0.285504061,-0.249204275,0,0,0,1,0,0,0,0,0,1,1,0,0,0,0,0,0,0,0,0,0,0,0,0,0,0,0,0,1,0,121000
-0.866764305,0.267635731,-0.524174055,0.783835504,0.487464514,-0.285504061,-0.162936248,0,0,0,1,0,0,1,0,0,0,1,0,0,0,0,0,0,0,0,0,0,0,0,0,0,0,0,1,0,0,156000
0.544547091,1.000799512,-0.524174055,-0.064109658,-0.76705433,-0.285504061,-0.280987233,0,0,0,1,0,0,1,0,0,0,1,0,0,0,0,0,0,0,0,0,0,0,0,0,1,0,0,0,0,0,180000
-0.866764305,-0.166404665,-1.42056541,-0.161949484,-0.911806505,-0.285504061,-0.013102306,0,0,1,0,0,0,0,0,0,1,1,0,0,0,0,0,0,0,0,0,0,1,0,0,0,0,0,0,0,0,107000
-0.866764305,0.390744019,-0.524174055,1.142581534,1.066473212,-0.285504061,1.553343448,0,0,0,1,0,0,1,0,0,0,1,0,0,0,0,0,0,0,0,0,0,0,0,0,0,0,0,1,0,0,377500
0.074109959,-0.051013891,-0.524174055,0.88167533,0.632216689,-0.285504061,-0.521629624,0,0,0,1,0,1,0,0,0,0,1,0,0,0,0,0,0,0,0,0,0,0,0,0,0,0,0,1,0,0,185000
0.544547091,0.204221946,0.372217301,-0.259789311,0.680467413,-0.285504061,-1.22993553,0,0,0,1,0,0,0,0,0,1,1,0,0,0,0,0,0,0,0,0,0,1,0,0,0,0,0,0,0,0,175000
0.074109959,-0.163150292,-0.524174055,1.012128432,0.825219588,-0.285504061,-0.523899835,0,0,0,1,0,0,0,0,0,1,1,0,0,0,0,0,0,0,0,0,0,0,0,0,0,0,0,1,0,0,195000
1.485421355,-0.281888421,-0.524174055,1.109968259,0.969971762,-0.285504061,1.566964715,0,0,0,1,0,0,0,0,0,1,0,0,0,0,1,0,0,0,0,0,0,0,0,1,0,0,0,0,0,0,319900
0.779765657,0.762486415,-0.524174055,0.196796546,-0.381048532,1.048674423,0.679312121,0,0,0,1,0,0,0,0,0,1,0,0,1,0,0,0,0,0,0,0,0,0,0,0,1,0,0,0,0,0,190000
0.074109959,2.734078654,-0.524174055,1.17519481,1.114723937,-0.285504061,4.713477491,0,0,0,1,0,0,0,0,0,1,1,0,0,0,0,0,0,0,0,0,1,0,0,0,0,0,0,0,0,0,184750
-0.27871789,-0.423965055,0.372217301,-1.531707054,-1.683818102,-0.285504061,-0.630599763,0,0,0,0,1,0,0,0,0,1,1,0,0,0,0,0,0,0,0,0,0,0,0,1,0,0,0,0,0,0,109500
-0.866764305,-0.345860099,-0.524174055,-0.325015862,-1.153060129,-0.285504061,-0.049425686,0,0,0,1,0,1,0,0,0,0,1,0,0,0,0,0,0,0,0,0,0,0,0,0,0,0,0,1,0,0,129000
-0.866764305,0.050708515,-0.524174055,-0.259789311,-0.284547083,-0.285504061,-0.024453363,0,0,0,1,0,0,0,0,0,1,1,0,0,0,0,0,0,0,0,0,0,1,0,0,0,0,0,0,0,0,148000
0.074109959,0.086134692,-0.524174055,0.229409821,-0.332797807,-0.285504061,-0.884863422,0,0,0,1,0,0,1,0,0,0,1,0,0,0,0,0,0,0,0,0,0,1,0,0,0,0,0,0,0,0,158900
-0.866764305,-0.529034817,-2.316956766,-0.814214994,-1.683818102,-0.285504061,-2.410445374,0,0,0,1,0,0,0,0,0,1,1,0,0,0,0,0,0,0,0,0,0,0,0,0,0,0,0,1,0,0,39300
2.426295619,-0.698076256,-0.524174055,1.077354983,0.969971762,-0.285504061,-1.048318631,0,1,0,0,0,0,0,0,0,1,0,0,0,0,1,0,0,0,0,0,0,0,0,1,0,0,0,0,0,0,151000
1.485421355,-0.708304286,-0.524174055,1.077354983,0.921721037,-0.285504061,0.711095078,0,0,0,0,1,0,0,0,0,1,0,0,0,0,1,0,0,0,0,0,0,0,0,0,0,0,0,1,0,0,178740
0.779765657,-0.162313453,-0.524174055,-0.129336209,-0.86355578,-0.285504061,1.185569227,0,0,0,1,0,0,0,0,0,1,0,0,1,0,0,0,0,0,0,0,0,0,0,0,1,0,0,0,0,0,124000
0.309328525,0.069304933,1.268608656,-1.368640676,-1.683818102,-0.285504061,-0.612438073,0,0,0,1,0,1,0,0,0,0,1,0,0,0,0,0,0,0,1,0,0,0,0,0,0,0,0,0,0,0,230000
-0.866764305,0.032577008,1.268608656,0.001116893,0.921721037,-0.285504061,0.445480364,0,0,0,1,0,0,0,0,0,1,1,0,0,0,0,0,0,0,0,0,0,0,0,0,0,0,0,1,0,0,145000
-0.866764305,-0.419966825,0.372217301,-0.129336209,-0.86355578,-0.285504061,-0.421740329,0,0,0,1,0,0,0,0,0,1,1,0,0,0,0,0,0,0,0,0,0,1,0,0,0,0,0,0,0,0,125500
-0.866764305,0.221516615,-0.524174055,1.077354983,0.921721037,-0.285504061,0.21845924,0,0,0,1,0,0,0,0,0,1,1,0,0,0,0,0,0,0,0,0,0,0,0,0,0,0,0,1,0,0,158000
-0.631545739,0.248295457,1.268608656,-1.62954688,1.018222487,-0.285504061,-0.421740329,0,0,0,1,0,0,0,0,0,1,1,0,0,0,0,0,0,0,0,0,0,0,0,0,0,0,0,0,1,0,163500
0.074109959,0.721574295,-0.524174055,-0.19456276,-0.284547083,4.28611226,-0.0925597,0,0,0,1,0,0,0,0,0,1,1,0,0,0,0,0,0,0,0,0,0,0,0,0,1,0,0,0,0,0,129000
-0.866764305,-0.31387426,-0.524174055,1.17519481,1.066473212,-0.285504061,0.386454871,0,0,0,1,0,0,0,0,0,1,1,0,0,0,0,0,0,0,0,0,0,0,0,0,0,0,0,1,0,0,194500
-0.866764305,-0.32633386,1.268608656,0.033730168,-0.622302156,-0.285504061,-0.448982864,0,0,0,1,0,0,0,0,0,1,1,0,0,0,0,0,0,0,0,0,0,1,0,0,0,0,0,0,0,0,127000
0.074109959,0.055543584,0.372217301,0.588155851,0.197960165,-0.285504061,-0.578384905,0,0,0,1,0,0,0,0,0,1,1,0,0,0,0,0,0,0,0,0,0,0,0,0,1,0,0,0,0,0,228500
0.074109959,0.122862617,-0.524174055,0.88167533,0.632216689,-0.285504061,0.055004031,0,0,0,1,0,0,1,0,0,0,1,0,0,0,0,0,0,0,0,0,0,0,0,0,0,0,0,1,0,0,280000
0.309328525,0.021233193,3.061391367,-1.466480503,0.921721037,-0.285504061,0.486344166,0,0,0,1,0,0,0,0,0,1,1,0,0,0,0,0,0,0,0,0,0,0,0,1,0,0,0,0,0,0,234000
0.074109959,-0.25780606,-0.524174055,0.914288606,0.728718138,-0.285504061,-0.246934064,0,0,0,1,0,0,0,0,0,1,1,0,0,0,0,0,0,0,0,0,0,0,0,0,0,0,0,1,0,0,175000
1.485421355,-0.248972761,-0.524174055,0.718608953,0.439213789,5.032240512,1.230973452,0,0,0,1,0,0,0,0,0,1,0,0,0,0,1,0,0,0,0,0,0,0,0,0,1,0,0,0,0,0,193000
-0.866764305,-0.151527531,0.372217301,-0.455468963,1.018222487,-0.285504061,-2.410445374,0,0,0,1,0,0,0,0,0,1,1,0,0,0,0,0,0,0,0,0,0,0,0,0,0,0,0,0,1,0,120000
-0.866764305,-0.049340214,-0.524174055,1.24042136,1.211225386,-0.285504061,1.971062315,0,0,0,1,0,0,0,0,0,1,1,0,0,0,0,0,0,0,0,0,0,0,0,0,0,0,0,1,0,0,395192
-0.161108607,-0.108290859,-1.42056541,-0.55330879,-0.622302156,-0.285504061,-0.153855403,0,0,0,1,0,0,0,0,0,1,1,0,0,0,0,0,0,0,0,0,0,0,0,0,0,0,0,0,1,0,136900
0.662156374,-0.14036968,1.268608656,0.392476199,-0.091544183,0.302546171,-0.503467934,0,0,0,1,0,0,1,0,0,0,1,0,0,0,0,0,0,0,0,0,0,1,0,0,0,0,0,0,0,0,144000
2.426295619,-0.749588334,-0.524174055,1.044741708,0.873470313,-0.285504061,-0.676003988,0,0,0,1,0,0,0,0,0,1,0,0,0,1,0,0,0,0,0,0,0,0,0,0,0,0,0,1,0,0,175500
-0.161108607,-0.668507952,1.268608656,-0.781601718,-1.683818102,-0.285504061,-0.775893282,0,0,0,0,1,0,0,0,0,1,1,0,0,0,0,1,0,0,0,0,0,0,0,0,0,0,0,0,0,0,110000
0.074109959,0.052103247,-0.524174055,1.012128432,0.825219588,-0.285504061,0.150352903,0,0,0,1,0,1,0,0,0,0,1,0,0,0,0,0,0,0,0,0,1,0,0,0,0,0,0,0,0,0,255900
0.779765657,-0.206201,-0.524174055,-0.259789311,-1.056558679,4.216557932,-0.557953004,0,0,0,0,1,1,0,0,0,0,0,0,1,0,0,0,0,0,0,0,0,0,0,0,0,0,0,0,1,0,110000
-0.161108607,0.292647914,-0.524174055,0.555542576,0.149709441,0.991766336,0.322888957,0,0,0,1,0,1,0,0,0,0,1,0,0,0,0,0,0,0,0,0,0,1,0,0,0,0,0,0,0,0,229000
-0.161108607,-0.173843232,0.372217301,-2.640558419,0.535715239,-0.285504061,0.059544453,0,0,0,0,1,1,0,0,0,0,1,0,0,0,0,0,0,0,0,0,0,0,0,0,0,0,0,1,0,0,124900
0.426937808,-0.331168929,-0.524174055,-0.977281371,-1.683818102,-0.285504061,-0.326391457,0,0,0,1,0,0,0,0,0,1,1,0,0,0,0,0,0,0,0,0,0,0,0,1,0,0,0,0,0,0,164000
-0.866764305,0.028299832,-0.524174055,1.109968259,1.018222487,-0.285504061,1.775824149,0,0,0,1,0,1,0,0,0,0,1,0,0,0,0,0,0,0,0,0,0,0,0,0,0,0,0,1,0,0,257000
-0.866764305,0.028020885,-0.524174055,1.17519481,1.066473212,-0.285504061,1.156056481,0,0,0,1,0,0,0,0,0,1,1,0,0,0,0,0,0,0,0,0,0,0,0,0,0,0,0,1,0,0,239000
-0.161108607,0.068468094,-0.524174055,1.044741708,0.873470313,-0.285504061,0.681582332,0,0,0,0,1,0,0,0,0,1,1,0,0,0,0,0,0,0,0,0,0,0,0,0,0,0,0,1,0,0,200000
0.779765657,0.03536647,-0.524174055,0.555542576,0.197960165,-0.285504061,1.918847457,0,0,0,1,0,0,0,0,0,1,0,0,1,0,0,0,0,0,0,0,0,0,0,0,0,0,0,1,0,0,171000
0.074109959,0.121746832,-0.524174055,1.044741708,0.921721037,-0.285504061,0.270674098,0,0,0,1,0,0,0,0,0,1,1,0,0,0,0,0,0,0,0,0,0,0,0,0,0,0,0,1,0,0,285000
0.074109959,0.214821904,0.372217301,-0.096722933,-0.815305055,-0.285504061,-0.376336105,0,0,0,1,0,1,0,0,0,0,1,0,0,0,0,0,0,0,0,0,0,0,0,0,0,0,0,1,0,0,193500
2.426295619,-0.698262221,-0.524174055,1.109968259,0.969971762,-0.285504061,-1.048318631,0,1,0,0,0,0,0,0,0,1,0,0,0,0,1,0,0,0,0,0,0,0,0,1,0,0,0,0,0,0,144152
0.074109959,-0.122238172,-0.524174055,1.044741708,0.921721037,-0.285504061,-0.01991294,0,1,0,0,0,0,0,0,0,1,1,0,0,0,0,0,0,0,0,0,0,0,0,0,0,0,0,1,0,0,250000
0.074109959,0.028857724,-0.524174055,0.946901881,0.728718138,-0.285504061,-0.210610684,0,0,0,1,0,0,0,1,0,0,1,0,0,0,0,0,0,0,0,0,0,0,0,0,0,0,0,1,0,0,248000
-0.866764305,9.712849426,-0.524174055,0.001116893,0.825219588,-0.285504061,1.31951169,0,0,0,1,0,0,1,0,0,0,1,0,0,0,0,0,0,0,0,0,0,0,0,0,1,0,0,0,0,0,302000
-0.866764305,0.496836584,-0.524174055,1.077354983,0.969971762,-0.285504061,1.750851825,0,0,0,1,0,0,0,1,0,0,1,0,0,0,0,0,0,0,0,0,0,0,0,0,0,0,0,1,0,0,326000
3.131951317,-0.054268264,1.268608656,-1.009894646,0.680467413,0.858980799,-0.948429336,0,0,0,1,0,0,0,0,0,1,0,1,0,0,0,0,0,0,0,0,0,0,0,0,0,0,0,0,1,0,127500
0.074109959,0.058333047,-0.524174055,1.044741708,0.873470313,-0.285504061,-0.503467934,0,0,0,1,0,0,0,0,0,1,1,0,0,0,0,0,0,0,0,0,0,0,0,0,0,0,0,1,0,0,180000
-0.161108607,-0.257527113,1.268608656,-1.662160155,-1.683818102,-0.285504061,-1.686247989,0,0,0,0,1,0,0,0,0,1,1,0,0,0,0,0,0,0,0,0,0,0,0,1,0,0,0,0,0,0,89500
-0.866764305,0.539515363,0.372217301,-0.161949484,0.825219588,4.222881052,1.033465074,0,0,0,1,0,1,0,0,0,0,1,0,0,0,0,0,0,0,1,0,0,0,0,0,0,0,0,0,0,0,190000
1.485421355,-0.559625924,-0.524174055,0.555542576,0.197960165,-0.285504061,0.377374026,0,0,0,1,0,0,0,0,0,1,0,0,0,0,1,0,0,0,0,0,0,1,0,0,0,0,0,0,0,0,189000
0.074109959,-0.153201208,-0.524174055,0.88167533,0.632216689,-0.285504061,-0.269636176,0,0,0,1,0,0,0,0,0,1,1,0,0,0,0,0,0,0,0,0,0,0,0,0,0,0,0,1,0,0,192000
-0.866764305,0.021512139,-0.524174055,-0.19456276,-0.96005723,-0.285504061,-0.231042585,0,0,0,1,0,0,0,0,0,1,1,0,0,0,0,0,0,0,0,0,0,1,0,0,0,0,0,0,0,0,94750
-0.866764305,0.241414782,-0.524174055,1.17519481,1.114723937,-0.285504061,1.444373308,0,0,0,1,0,0,0,0,0,1,1,0,0,0,0,0,0,0,0,0,1,0,0,0,0,0,0,0,0,0,320000
-0.866764305,-0.071562933,-0.524174055,-0.55330879,-1.490815202,1.548200964,-0.013102306,0,0,0,1,0,0,0,0,0,1,1,0,0,0,0,0,0,0,0,0,0,1,0,0,0,0,0,0,0,0,128000
-0.866764305,-0.343721511,1.268608656,-0.325015862,0.439213789,-0.285504061,-0.340012725,0,0,0,1,0,0,0,0,0,1,1,0,0,0,0,0,0,0,0,0,0,1,0,0,0,0,0,0,0,0,135000
0.779765657,-0.341396959,-0.524174055,0.262023097,-0.284547083,-0.285504061,-2.410445374,0,0,0,1,0,0,0,0,0,1,0,0,1,0,0,0,0,0,0,0,0,1,0,0,0,0,0,0,0,0,118964
2.896732751,-0.818209117,1.268608656,0.033730168,-0.622302156,-0.285504061,-0.980212294,0,0,0,0,1,0,0,0,0,1,0,0,0,1,0,0,0,0,0,0,1,0,0,0,0,0,0,0,0,0,81000
2.426295619,-0.787803973,-1.42056541,-0.031496382,-0.718803606,1.440707911,-1.170910038,0,0,0,0,1,0,0,0,0,1,0,0,0,0,1,0,0,0,0,0,1,0,0,0,0,0,0,0,0,0,88000
-0.866764305,0.230907806,-0.524174055,1.142581534,1.066473212,-0.285504061,1.339943591,0,0,0,1,0,1,0,0,0,0,1,0,0,0,0,0,0,0,0,0,0,0,0,0,0,0,0,1,0,0,325000
-0.866764305,-0.261711308,0.372217301,-0.325015862,-1.153060129,-0.285504061,0.186676282,0,0,0,1,0,0,0,0,0,1,1,0,0,0,0,0,0,0,0,0,0,0,0,0,0,0,0,1,0,0,139950
-0.866764305,-0.065426115,-0.524174055,1.142581534,1.066473212,-0.285504061,1.664583798,0,0,0,1,0,0,0,0,0,1,1,0,0,0,0,0,0,0,0,0,0,0,0,0,0,0,0,1,0,0,147000
-0.866764305,0.280281296,-0.524174055,0.979515157,0.825219588,-0.285504061,1.087950144,0,0,0,1,0,1,0,0,0,0,1,0,0,0,0,0,0,0,0,0,0,0,0,0,0,0,0,1,0,0,205000
0.544547091,-0.258456934,-0.524174055,-0.357629137,-1.201310854,-0.285504061,0.030031707,0,0,0,1,0,0,0,0,0,1,1,0,0,0,0,0,0,0,1,0,0,0,0,0,0,0,0,0,0,0,127000
2.426295619,-0.748007639,-0.524174055,0.914288606,0.728718138,-0.285504061,-0.648761453,0,1,0,0,0,0,0,0,0,1,0,0,0,1,0,0,0,0,0,0,0,0,0,1,0,0,0,0,0,0,174000
-0.866764305,-0.121587298,-0.524174055,0.914288606,0.728718138,-0.285504061,0.922224724,0,0,0,1,0,0,1,0,0,0,1,0,0,0,0,0,0,0,0,0,0,0,0,0,0,0,0,1,0,0,191000
2.426295619,-0.837735356,-2.316956766,0.001116893,-0.670552881,-0.285504061,-1.313933346,0,0,0,0,1,0,0,0,0,1,0,0,0,0,1,0,0,0,0,0,0,1,0,0,0,0,0,0,0,0,89500
-0.631545739,-0.125492546,0.372217301,-0.977281371,-1.683818102,-0.285504061,-0.884863422,0,0,0,1,0,0,0,0,0,1,1,0,0,0,0,0,0,0,0,0,0,0,0,1,0,0,0,0,0,0,113000
0.426937808,-0.21289571,2.165000012,-1.042507922,0.583965964,-0.285504061,-0.775893282,0,0,0,1,0,0,0,0,0,1,1,0,0,0,0,0,0,0,0,0,0,0,0,0,0,0,0,0,1,0,179500
-0.866764305,-0.028233279,-0.524174055,1.077354983,0.969971762,-0.285504061,2.129977102,0,0,0,1,0,0,0,0,0,1,1,0,0,0,0,0,0,0,0,0,1,0,0,0,0,0,0,0,0,0,305900
-0.866764305,-0.200250146,-0.524174055,1.142581534,1.066473212,-0.285504061,0.143542269,0,0,0,1,0,1,0,0,0,0,1,0,0,0,0,0,0,0,0,0,0,0,0,0,0,0,0,1,0,0,155000
-0.866764305,-0.218939546,-0.524174055,-0.55330879,-1.490815202,-0.285504061,-2.410445374,0,0,0,1,0,1,0,0,0,0,1,0,0,0,0,0,0,0,0,0,0,0,0,0,0,0,0,0,1,0,93000
-0.866764305,0.348902078,1.268608656,-0.455468963,0.921721037,-0.285504061,0.942656625,0,0,0,1,0,0,0,0,0,1,1,0,0,0,0,0,0,0,0,0,1,0,0,0,0,0,0,0,0,0,257500
-0.161108607,13.79020706,1.268608656,-0.422855688,1.018222487,-0.285504061,0.867739654,0,0,0,1,0,0,1,0,0,0,1,0,0,0,0,0,0,0,0,0,0,0,0,0,0,0,0,0,1,0,277000
0.074109959,0.307803994,-0.524174055,0.81644878,0.583965964,-0.285504061,0.554450503,0,0,0,1,0,0,0,0,0,1,1,0,0,0,0,0,0,0,0,0,0,0,0,0,0,0,0,0,1,0,328000
0.074109959,-0.110615411,0.372217301,-0.227176035,-0.332797807,-0.285504061,-0.557953004,0,0,0,1,0,1,0,0,0,0,1,0,0,0,0,0,0,0,0,0,0,0,0,0,0,0,0,1,0,0,165000
-0.866764305,-0.287374364,0.372217301,0.359862923,1.018222487,-0.285504061,-0.492116878,0,0,0,1,0,1,0,0,0,0,1,0,0,0,0,0,0,0,0,0,0,1,0,0,0,0,0,0,0,0,129500
0.074109959,-0.125771492,-0.524174055,0.849062055,0.583965964,-0.285504061,-0.539791314,0,0,0,1,0,0,0,0,0,1,1,0,0,0,0,0,0,0,0,0,0,0,0,0,0,0,0,1,0,0,204750
0.309328525,0.077766303,1.268608656,-1.596933605,0.439213789,-0.285504061,-1.075561166,0,0,0,1,0,0,0,0,0,1,1,0,0,0,0,0,0,0,0,0,0,0,0,1,0,0,0,0,0,0,191000
-0.866764305,-0.012798252,-0.524174055,-0.390242413,-1.249561578,-0.285504061,0.763309937,0,0,0,1,0,0,0,0,0,1,1,0,0,0,0,0,0,0,1,0,0,0,0,0,0,0,0,0,0,0,165500
0.074109959,0.015096375,-0.524174055,0.946901881,0.728718138,-0.285504061,-0.233312797,0,0,0,1,0,0,0,0,0,1,1,0,0,0,0,0,0,0,0,0,0,0,0,0,0,0,0,1,0,0,173000
-0.161108607,-0.194299292,0.372217301,-1.107734473,-1.683818102,-0.285504061,-0.639680608,0,0,0,0,1,0,0,0,0,1,1,0,0,0,0,0,0,0,0,0,0,0,0,1,0,0,0,0,0,0,119500
-0.866764305,-0.077606769,-0.524174055,-0.488082239,-1.394313753,-0.285504061,0.849577964,0,0,0,1,0,1,0,0,0,0,1,0,0,0,0,0,0,0,0,0,0,0,0,0,0,0,0,0,1,0,127500
0.309328525,0.010261306,2.165000012,-2.640558419,0.632216689,-0.285504061,-0.780433705,0,0,0,0,1,0,0,0,0,1,1,0,0,0,0,0,0,0,0,0,0,0,0,0,0,0,0,0,1,0,159500
-0.161108607,0.183672904,2.165000012,-1.825226533,-1.683818102,-0.285504061,-0.421740329,0,0,0,0,1,0,0,0,0,1,1,0,0,0,0,0,0,0,0,0,0,0,0,0,0,0,0,0,1,0,153900
-0.866764305,-0.333772427,1.268608656,-0.455468963,-1.346063028,-0.285504061,-0.557953004,0,0,0,1,0,1,0,0,0,0,1,0,0,0,0,0,0,0,0,0,0,0,0,0,0,0,0,0,0,1,129900
-0.866764305,-0.02693153,-0.524174055,0.16418327,-0.429299257,-0.285504061,0.064084876,0,0,0,1,0,0,0,0,0,1,1,0,0,0,0,0,0,0,0,0,0,1,0,0,0,0,0,0,0,0,152000
-0.866764305,0.095525883,0.372217301,-0.031496382,-0.718803606,-0.285504061,0.863199231,0,0,0,1,0,0,0,0,0,1,1,0,0,0,0,0,0,0,0,0,0,1,0,0,0,0,0,0,0,0,185000
-0.161108607,-0.191044919,-0.524174055,-0.748988443,0.776968863,-0.026256109,-0.884863422,0,0,0,0,1,0,0,0,0,1,1,0,0,0,0,0,0,0,0,0,0,0,0,0,0,0,0,0,1,0,127000
0.544547091,-0.200808039,-0.524174055,0.783835504,0.535715239,-0.285504061,-1.538684258,0,0,0,1,0,0,0,0,0,1,1,0,0,0,0,0,0,0,0,0,0,1,0,0,0,0,0,0,0,0,168500
0.074109959,-0.071562933,-0.524174055,0.81644878,0.583965964,-0.285504061,0.125380579,0,0,0,1,0,0,1,0,0,0,1,0,0,0,0,0,0,0,0,0,0,0,0,1,0,0,0,0,0,0,269790
-0.866764305,-0.044970055,-0.524174055,1.17519481,1.066473212,-0.285504061,1.137894791,0,0,0,1,0,0,0,0,0,1,1,0,0,0,0,0,0,0,0,0,0,0,0,0,0,0,0,1,0,0,245000
-0.866764305,3.955212443,0.372217301,-0.55330879,0.439213789,-0.285504061,0.686122755,0,0,0,1,0,0,1,0,0,0,1,0,0,0,0,0,0,0,0,0,0,0,0,0,1,0,0,0,0,0,256000
-0.161108607,0.010261306,-1.42056541,-0.716375167,-1.683818102,-0.285504061,-0.775893282,0,0,0,1,0,0,0,0,0,1,1,0,0,0,0,1,0,0,0,0,0,0,0,0,0,0,0,0,0,0,135000
0.309328525,-0.101317202,-3.213348121,-2.314425665,-1.683818102,-0.285504061,0.075435932,0,0,0,0,1,0,0,0,0,1,1,0,0,0,0,1,0,0,0,0,0,0,0,0,0,0,0,0,0,0,87000
0.074109959,-0.179422158,-0.524174055,1.142581534,1.018222487,-0.285504061,0.747418458,0,0,0,1,0,0,0,0,0,1,1,0,0,0,0,0,0,0,0,0,0,0,0,0,0,0,0,1,0,0,239799
-0.866764305,-0.157757331,-0.524174055,1.17519481,1.066473212,-0.285504061,0.545369658,0,0,0,1,0,0,0,0,0,1,1,0,0,0,0,0,0,0,0,0,0,0,0,0,0,0,0,1,0,0,176485
-0.161108607,-0.584824071,2.165000012,-1.662160155,-1.683818102,-0.285504061,-0.939348492,0,0,0,0,1,0,0,0,0,1,1,0,0,0,0,0,0,0,0,0,0,0,0,0,0,0,1,0,0,0,116000
-0.866764305,-0.139718805,-0.524174055,1.24042136,1.162974661,-0.285504061,1.598747672,0,1,0,0,0,0,0,0,0,1,1,0,0,0,0,0,0,0,0,0,1,0,0,0,0,0,0,0,0,0,370878
-0.866764305,-0.261711308,-0.524174055,0.783835504,0.535715239,-0.285504061,0.397805928,0,0,0,1,0,0,0,0,0,1,1,0,0,0,0,0,0,0,0,0,0,1,0,0,0,0,0,0,0,0,176000
-0.866764305,-0.094622492,-0.524174055,0.425089474,0.004957266,-0.285504061,-0.049425686,0,0,0,1,0,1,0,0,0,0,1,0,0,0,0,0,0,0,0,0,0,1,0,0,0,0,0,0,0,0,152000
-0.866764305,0.171771197,0.372217301,0.001116893,1.114723937,-0.285504061,0.036842341,0,0,0,1,0,0,1,0,0,0,1,0,0,0,0,0,0,0,0,0,0,0,0,0,0,0,0,1,0,0,149900
0.074109959,-0.030278885,-0.524174055,0.783835504,0.535715239,-0.285504061,-0.580655116,0,0,0,1,0,0,0,0,0,1,1,0,0,0,0,0,0,0,0,0,0,0,0,1,0,0,0,0,0,0,168000
-0.396327173,1.199967149,0.372217301,0.262023097,-0.284547083,-0.285504061,0.613475995,0,0,0,1,0,0,0,0,0,1,1,0,0,0,0,0,0,0,0,0,0,0,0,0,1,0,0,0,0,0,260000
0.074109959,-0.179887068,-0.524174055,0.914288606,0.680467413,-0.285504061,-0.158395826,0,0,0,1,0,0,0,1,0,0,1,0,0,0,0,0,0,0,0,0,0,0,0,0,0,0,0,1,0,0,214000
-0.866764305,0.342672278,0.372217301,-0.422855688,-1.297812303,1.952880694,-0.55114237,0,0,0,1,0,0,1,0,0,0,1,0,0,0,0,0,0,0,0,0,0,1,0,0,0,0,0,0,0,0,137500
-0.161108607,-0.272590212,-1.42056541,-1.303414125,-1.683818102,-0.285504061,-0.049425686,0,0,0,0,1,1,0,0,0,0,1,0,0,0,0,0,0,0,0,0,0,0,0,0,0,0,1,0,0,0,169500
-0.866764305,-0.255388525,-0.524174055,-0.325015862,-1.153060129,-0.285504061,-0.07439801,0,0,0,1,0,0,0,0,0,1,1,0,0,0,0,0,0,0,0,0,0,0,0,0,0,0,0,1,0,0,118500
2.426295619,-0.625364262,-1.42056541,0.066343444,-0.574051431,-0.285504061,-0.271906388,0,0,0,0,1,0,0,0,0,1,0,0,0,0,1,0,0,0,0,0,1,0,0,0,0,0,0,0,0,0,151400
0.074109959,-0.171425698,-0.524174055,1.109968259,1.018222487,-0.285504061,-0.707786945,0,0,0,1,0,0,0,0,0,1,1,0,0,0,0,0,0,0,0,0,0,0,0,0,0,0,0,1,0,0,173900
-0.866764305,0.481215592,0.372217301,-0.031496382,-0.718803606,4.918424338,2.622612941,0,0,0,1,0,0,0,0,0,1,1,0,0,0,0,0,0,0,0,0,0,0,0,0,0,0,0,0,1,0,268000
1.485421355,-0.394954643,-0.524174055,1.142581534,1.018222487,-0.285504061,0.699744022,0,0,0,1,0,0,0,0,0,1,0,0,0,0,1,0,0,0,0,0,0,0,0,0,0,0,0,1,0,0,202500
-0.866764305,-0.324474218,-0.524174055,1.142581534,1.018222487,-0.285504061,0.454561209,0,1,0,0,0,0,0,0,0,1,1,0,0,0,0,0,0,0,0,0,0,0,0,0,0,0,0,1,0,0,185000
0.074109959,0.058240065,-0.524174055,1.012128432,0.873470313,-0.285504061,-0.555682792,0,0,0,1,0,1,0,0,0,0,1,0,0,0,0,0,0,0,0,0,0,0,0,0,0,0,0,1,0,0,214900
-0.866764305,0.124629277,-0.524174055,1.17519481,1.066473212,-0.285504061,1.435292463,0,0,0,1,0,0,0,0,0,1,1,0,0,0,0,0,0,0,0,0,0,0,0,0,0,0,0,1,0,0,318000
-0.866764305,-0.017633321,0.372217301,0.001116893,-0.670552881,0.852657679,-0.448982864,0,0,0,1,0,0,0,1,0,0,1,0,0,0,0,0,0,0,0,0,0,1,0,0,0,0,0,0,0,0,97000
2.426295619,-0.759444436,-0.524174055,1.077354983,1.018222487,-0.285504061,-0.208340473,0,0,0,0,1,0,0,0,0,1,0,0,0,1,0,0,0,0,0,0,0,0,0,0,0,0,0,1,0,0,130000
-0.161108607,0.169539626,-1.42056541,-1.662160155,1.066473212,-0.285504061,-0.787244339,0,0,0,1,0,0,0,1,0,0,1,0,0,0,0,0,0,0,0,0,0,0,0,0,0,0,0,1,0,0,104900
-0.866764305,-0.005173721,0.372217301,-0.585922065,-1.539065927,0.852657679,-1.030156941,0,0,0,1,0,0,0,0,0,1,1,0,0,0,0,0,0,0,0,0,0,0,0,1,0,0,0,0,0,0,123000
0.074109959,0.15680108,-0.524174055,0.620769127,0.24621089,-0.285504061,1.387618027,0,0,0,1,0,1,0,0,0,0,1,0,0,0,0,0,0,0,0,0,0,0,0,0,1,0,0,0,0,0,320000
0.309328525,-0.354042523,1.268608656,-1.857839808,1.018222487,-0.285504061,-0.857620887,0,0,0,0,1,0,0,0,0,1,1,0,0,0,0,0,0,0,0,0,0,0,0,0,0,0,0,0,1,0,127000
-0.631545739,-0.496491085,-3.213348121,-1.009894646,-0.911806505,-0.285504061,-0.757731592,0,0,0,1,0,0,0,0,0,1,1,0,0,0,0,0,0,0,0,0,0,0,0,0,0,0,0,0,1,0,76500
0.662156374,-0.208711516,1.268608656,0.033730168,1.066473212,-0.285504061,-0.666923143,0,0,0,1,0,1,0,0,0,0,1,0,0,0,0,0,0,0,0,0,0,1,0,0,0,0,0,0,0,0,133000
3.131951317,-0.304018159,0.372217301,-1.042507922,-1.683818102,-0.285504061,-0.160666037,0,0,0,1,0,1,0,0,0,0,0,1,0,0,0,0,0,0,0,0,0,0,0,1,0,0,0,0,0,0,118000
-0.161108607,-0.436052726,1.268608656,-0.748988443,0.825219588,-0.285504061,-0.93707828,0,0,0,0,1,0,0,0,0,1,1,0,0,0,0,0,0,0,0,0,0,0,0,1,0,0,0,0,0,0,120000
0.074109959,-0.155432779,-0.524174055,1.17519481,1.066473212,-0.285504061,-0.757731592,0,0,0,1,0,0,0,0,0,1,1,0,0,0,0,0,0,0,0,0,0,0,0,0,0,0,0,1,0,0,179540
0.074109959,-0.181467764,-0.524174055,0.914288606,0.680467413,-0.285504061,-0.196989417,0,0,0,1,0,0,0,0,0,1,1,0,0,0,0,0,0,0,0,0,0,0,0,0,0,0,0,1,0,0,230000
1.485421355,-0.581569697,-0.524174055,1.044741708,0.873470313,-0.285504061,-0.485306244,0,0,0,0,1,0,0,0,0,1,0,0,0,0,1,0,0,0,0,0,0,0,0,0,0,0,0,1,0,0,140000
0.074109959,0.165913325,-0.524174055,1.17519481,1.114723937,-0.285504061,1.408049928,0,0,0,1,0,0,0,0,0,1,1,0,0,0,0,0,0,0,0,0,0,0,0,0,0,0,0,1,0,0,426000
-0.161108607,-0.436052726,2.165000012,-1.499093778,0.583965964,-0.285504061,-0.403578639,0,0,0,0,1,1,0,0,0,0,1,0,0,0,0,0,0,0,0,0,0,0,0,0,0,0,0,0,1,0,117000
0.309328525,0.282512866,1.268608656,-1.172961024,0.053207991,-0.285504061,0.148082691,0,0,0,1,0,1,0,0,0,0,1,0,0,0,0,0,0,0,0,0,0,0,0,0,0,0,1,0,0,0,235000
-0.161108607,0.032577008,0.372217301,-1.662160155,-1.683818102,-0.285504061,-0.964320815,1,0,0,0,0,0,0,0,0,1,1,0,0,0,0,0,0,0,0,0,0,0,0,1,0,0,0,0,0,0,108000
0.074109959,4.946401523,-0.524174055,1.207808085,1.114723937,-0.285504061,11.46054529,0,0,0,1,0,1,0,0,0,0,1,0,0,0,0,0,0,0,0,0,0,0,0,0,0,0,1,0,0,0,160000
-0.866764305,-0.110336465,-0.524174055,-0.422855688,-0.091544183,2.079343109,-0.085749066,0,0,0,1,0,0,0,0,0,1,1,0,0,0,0,0,0,0,0,0,0,1,0,0,0,0,0,0,0,0,144000
0.074109959,-0.249716618,-0.524174055,1.24042136,1.162974661,-0.285504061,-0.521629624,0,1,0,0,0,0,0,0,0,1,1,0,0,0,0,0,0,0,0,0,0,0,0,0,0,0,0,1,0,0,263435
-0.161108607,-0.234095627,0.372217301,-0.55330879,-0.622302156,-0.285504061,-0.274176599,0,0,0,1,0,0,0,0,0,1,1,0,0,0,0,0,0,0,0,0,0,0,0,1,0,0,0,0,0,0,135000
-0.866764305,0.938315547,1.268608656,-0.096722933,0.873470313,0.144468152,1.149245847,0,0,0,1,0,0,1,0,0,0,1,0,0,0,0,0,0,0,1,0,0,0,0,0,0,0,0,0,0,0,262500
0.779765657,-0.147808247,-0.524174055,-0.259789311,-1.056558679,-0.285504061,1.512479645,0,0,0,0,1,0,0,0,0,1,0,0,1,0,0,0,0,0,0,0,0,1,0,0,0,0,0,0,0,0,125000
0.074109959,-0.082441838,-0.524174055,1.109968259,0.969971762,-0.285504061,-0.444442442,0,1,0,0,0,0,0,0,0,1,1,0,0,0,0,0,0,0,0,0,0,0,0,0,0,0,0,1,0,0,226700
-0.866764305,-0.049991088,-0.524174055,-0.488082239,-1.394313753,-0.285504061,-0.031263996,0,0,0,1,0,0,0,0,0,1,1,0,0,0,0,0,0,0,0,0,0,0,0,1,0,0,0,0,0,0,135000
0.074109959,-0.128003062,-0.524174055,1.077354983,0.921721037,-0.285504061,-0.448982864,0,0,0,1,0,0,0,0,0,1,1,0,0,0,0,0,0,0,0,0,0,0,0,0,0,0,0,1,0,0,190000
0.309328525,-0.505789294,-0.524174055,-3.227597378,0.101458716,-0.285504061,-0.857620887,0,0,0,0,1,0,0,0,0,1,1,0,0,0,0,0,0,0,0,0,0,0,0,1,0,0,0,0,0,0,122000
0.544547091,-0.102247023,-0.524174055,1.044741708,0.873470313,-0.285504061,-0.439902019,0,0,0,1,0,1,0,0,0,0,1,0,0,0,0,0,0,0,0,0,0,0,0,0,0,0,0,1,0,0,187500
-0.866764305,0.068189148,-0.524174055,0.979515157,0.825219588,-0.285504061,1.178758593,0,0,0,1,0,0,0,0,0,1,1,0,0,0,0,0,0,0,0,0,0,0,0,0,0,0,0,1,0,0,272000
-0.161108607,0.275260263,-0.524174055,-0.422855688,-1.297812303,2.502992201,-0.022183151,0,0,0,1,0,0,0,0,0,1,1,0,0,0,0,0,0,0,0,0,0,0,0,1,0,0,0,0,0,0,172500
0.309328525,-0.27426389,1.268608656,-1.98829291,-1.683818102,-0.285504061,-0.998373984,0,0,0,0,1,0,0,0,0,1,1,0,0,0,0,0,0,0,0,0,0,0,0,0,0,0,0,1,0,0,125500
-0.866764305,-0.397000249,1.268608656,-0.618535341,-1.587316652,3.198535487,-0.185638361,0,0,0,1,0,0,0,0,0,1,1,0,0,0,0,0,0,0,0,0,0,0,0,0,0,0,0,0,1,0,123500
-0.866764305,-0.365200374,-0.524174055,1.142581534,1.018222487,-0.285504061,0.509046278,0,0,0,1,0,0,0,0,0,1,1,0,0,0,0,0,0,0,0,0,0,0,0,0,0,0,0,1,0,0,193879
-0.161108607,-0.116287319,-0.524174055,-1.336027401,-1.683818102,-0.285504061,-0.340012725,0,0,0,0,1,0,0,0,0,1,1,0,0,0,0,0,0,0,0,0,0,0,0,0,0,0,0,0,1,0,87000
0.544547091,-0.273334069,-0.524174055,1.012128432,0.825219588,-0.285504061,-1.484199189,0,0,0,1,0,0,0,0,0,1,1,0,0,0,0,0,0,0,0,0,0,0,0,0,0,0,0,1,0,0,184100
-0.866764305,0.172608035,1.268608656,0.327249648,-0.188045633,-0.285504061,0.858658809,0,0,0,1,0,1,0,0,0,0,1,0,0,0,0,0,0,0,0,0,0,0,0,1,0,0,0,0,0,0,182900
-0.866764305,0.606927378,-0.524174055,1.142581534,1.018222487,-0.285504061,0.177595438,0,0,0,1,0,0,0,0,0,1,1,0,0,0,0,0,0,0,0,0,0,0,0,0,0,0,0,1,0,0,84500
0.074109959,-0.028605208,0.372217301,0.066343444,-0.574051431,-0.083164196,0.102678467,0,0,0,1,0,1,0,0,0,0,1,0,0,0,0,0,0,0,0,0,0,1,0,0,0,0,0,0,0,0,200000
0.074109959,-0.322056684,-0.524174055,1.044741708,0.873470313,-0.285504061,-0.598816806,0,0,0,1,0,0,1,0,0,0,1,0,0,0,0,0,0,0,0,0,0,0,0,0,0,0,0,1,0,0,183000
-0.866764305,-0.238465785,-0.524174055,0.751222229,0.632216689,-0.285504061,0.786012049,0,0,0,1,0,0,0,0,0,1,1,0,0,0,0,0,0,0,0,0,0,1,0,0,0,0,0,0,0,0,193500
-0.161108607,-0.436052726,0.372217301,-0.977281371,-1.683818102,-0.285504061,-0.741840114,0,0,0,0,1,0,0,0,0,1,1,0,0,0,0,0,0,0,0,0,0,0,0,0,0,0,0,0,1,0,131000
1.485421355,-0.601188918,-0.524174055,0.16418327,-0.429299257,-0.285504061,0.18213586,0,0,0,0,1,0,0,0,0,1,0,0,0,0,1,0,0,0,0,0,1,0,0,0,0,0,0,0,0,0,134000
0.662156374,-0.147715265,0.372217301,0.229409821,-0.332797807,-0.285504061,0.079976354,0,0,0,1,0,1,0,0,0,0,1,0,0,0,0,0,0,0,0,0,0,0,0,0,1,0,0,0,0,0,165500
3.131951317,0.017699873,-0.524174055,-0.683761892,-1.683818102,-0.285504061,0.232080507,0,0,0,1,0,0,0,0,0,1,0,1,0,0,0,0,0,0,0,0,0,0,0,1,0,0,0,0,0,0,125000
0.309328525,-0.398673926,-0.524174055,-1.662160155,-1.683818102,-0.285504061,-1.057399476,0,0,0,0,1,1,0,0,0,0,1,0,0,0,0,0,0,0,0,0,0,0,0,0,0,0,0,0,1,0,78000
-0.866764305,-0.203597501,-0.524174055,1.077354983,0.921721037,-0.285504061,0.817795007,0,0,0,1,0,0,0,1,0,0,1,0,0,0,0,0,0,0,0,0,0,0,0,0,0,0,0,1,0,0,179600
-0.866764305,-0.086068139,1.268608656,-0.129336209,0.873470313,-0.285504061,-0.380876527,0,0,0,1,0,0,0,1,0,0,1,0,0,0,0,0,0,0,0,0,0,0,0,0,0,0,0,1,0,0,130000
0.074109959,-0.010752646,-0.524174055,1.109968259,1.018222487,-0.285504061,0.045923186,0,1,0,0,0,0,0,0,0,1,1,0,0,0,0,0,0,0,0,0,0,0,0,0,0,0,0,1,0,0,252000
0.074109959,0.162287023,-0.524174055,0.979515157,0.776968863,-0.285504061,-0.224231952,0,0,0,1,0,0,0,0,0,1,1,0,0,0,0,0,0,0,0,0,0,0,0,0,0,0,0,1,0,0,231500
3.131951317,0.13857659,-1.42056541,-0.977281371,-1.683818102,-0.285504061,-0.884863422,0,0,0,1,0,0,0,0,0,1,0,1,0,0,0,0,0,0,0,0,0,0,0,1,0,0,0,0,0,0,80000
1.485421355,-0.326798771,-0.524174055,0.425089474,-0.043293459,0.479593553,-0.721408213,0,0,0,1,0,0,0,0,0,1,0,0,0,0,1,0,0,0,0,0,0,0,0,0,1,0,0,0,0,0,125000
0.309328525,0.226444666,0.372217301,-1.009894646,-0.043293459,-0.285504061,-0.594276383,0,0,0,1,0,0,0,0,0,1,1,0,0,0,0,0,0,0,0,0,0,0,0,0,0,0,0,0,1,0,219500
0.074109959,-0.097969847,-0.524174055,0.685995678,0.390963065,-0.285504061,-0.576114693,0,0,0,1,0,1,0,0,0,0,1,0,0,0,0,0,0,0,0,0,0,0,0,0,0,0,0,1,0,0,178000
-0.161108607,-0.201737859,-1.42056541,-0.618535341,-1.587316652,-0.285504061,-0.344553147,0,0,0,1,0,1,0,0,0,0,1,0,0,0,0,0,0,0,1,0,0,0,0,0,0,0,0,0,0,0,166000
-0.866764305,-0.296579591,-0.524174055,1.109968259,0.969971762,-0.285504061,0.443210152,0,1,0,0,0,0,0,0,0,1,1,0,0,0,0,0,0,0,0,0,0,0,0,0,0,0,0,1,0,0,176000
0.074109959,1.168539202,-0.524174055,1.142581534,1.018222487,-0.285504061,-0.439902019,0,0,0,1,0,0,1,0,0,0,1,0,0,0,0,0,0,0,0,0,0,0,0,0,0,0,0,1,0,0,274725
-0.866764305,-0.096668098,-0.524174055,0.196796546,-0.381048532,-0.285504061,0.654339797,0,0,0,1,0,0,0,0,0,1,1,0,0,0,0,0,0,0,0,0,0,0,0,0,1,0,0,0,0,0,167900
2.426295619,-0.793103952,-0.524174055,0.914288606,0.728718138,-0.285504061,-1.048318631,0,1,0,0,0,0,0,0,0,1,0,0,0,1,0,0,0,0,0,0,0,0,0,1,0,0,0,0,0,0,160000
-0.161108607,-0.201737859,1.268608656,-1.792613257,-1.683818102,3.166919883,-0.78951455,0,0,0,0,1,0,0,0,0,1,1,0,0,0,0,0,0,0,0,0,0,0,0,0,0,0,1,0,0,0,136000
-0.866764305,0.440861365,-0.524174055,1.207808085,1.114723937,3.122658037,4.613588196,0,0,0,1,0,0,0,0,0,1,1,0,0,0,0,0,0,0,0,0,0,0,0,0,0,0,0,1,0,0,555000
0.309328525,-0.421640503,2.165000012,-1.662160155,0.680467413,-0.285504061,-1.023346307,0,0,0,0,1,0,0,0,1,0,1,0,0,0,0,0,0,0,0,0,0,0,0,0,0,0,0,0,1,0,128000
0.074109959,2.331094275,-0.524174055,0.783835504,0.535715239,-0.285504061,1.971062315,0,0,0,1,0,0,1,0,0,0,1,0,0,0,0,0,0,0,0,0,0,1,0,0,0,0,0,0,0,0,625000
0.074109959,-0.068773471,-0.524174055,0.783835504,0.487464514,-0.285504061,0.320618745,0,0,0,1,0,0,0,0,0,1,1,0,0,0,0,0,0,0,0,0,0,0,0,0,0,0,0,1,0,0,290000
-0.866764305,-0.044970055,-2.316956766,-0.618535341,-1.587316652,-0.285504061,-2.410445374,0,0,0,1,0,1,0,0,0,0,1,0,0,0,0,0,0,1,0,0,0,0,0,0,0,0,0,0,0,0,82000
-0.866764305,-0.201644877,-0.524174055,-0.129336209,-0.86355578,-0.285504061,-0.340012725,0,0,0,1,0,0,0,1,0,0,1,0,0,0,0,0,0,0,0,0,0,1,0,0,0,0,0,0,0,0,125000
0.074109959,-0.238465785,-0.524174055,1.109968259,1.018222487,-0.285504061,-0.694165678,0,1,0,0,0,0,0,0,0,1,1,0,0,0,0,0,0,0,0,0,0,0,0,0,0,0,0,1,0,0,186500
-0.866764305,-0.044133217,-0.524174055,-0.55330879,-1.490815202,-0.285504061,-0.448982864,0,0,0,1,0,0,0,0,0,1,1,0,0,0,0,0,0,0,0,0,0,0,0,0,0,0,0,0,1,0,111000
0.074109959,-0.190580009,-0.524174055,1.24042136,1.162974661,-0.285504061,-0.36725526,0,1,0,0,0,0,0,0,0,1,1,0,0,0,0,0,0,0,0,0,0,0,0,0,0,0,0,1,0,0,252678
-0.161108607,-0.023212246,0.372217301,-1.98829291,-0.188045633,-0.285504061,-1.411552429,0,0,0,0,1,1,0,0,0,0,1,0,0,0,0,0,0,0,0,0,0,0,0,0,0,0,0,0,1,0,110000
-0.866764305,-0.296579591,-0.524174055,1.077354983,0.969971762,-0.285504061,0.041382763,0,0,0,1,0,0,0,0,0,1,1,0,0,0,0,0,0,0,0,0,0,0,0,0,0,0,0,1,0,0,141000
-0.161108607,-0.227028988,1.268608656,-1.727386706,-1.683818102,-0.285504061,-0.853080464,0,0,0,1,0,0,0,0,0,1,1,0,0,0,0,0,0,0,0,0,0,0,0,0,0,0,1,0,0,0,116000
0.074109959,-0.086440068,0.372217301,-0.227176035,-1.008307954,0.384746741,-0.639680608,0,0,0,1,0,0,0,0,0,1,1,0,0,0,0,0,0,0,0,0,0,1,0,0,0,0,0,0,0,0,167900
0.074109959,-0.069889256,-0.524174055,0.718608953,0.439213789,-0.285504061,-0.026723574,0,0,0,1,0,0,0,0,0,1,1,0,0,0,0,0,0,0,0,0,0,0,0,1,0,0,0,0,0,0,236000
0.309328525,-0.377566992,0.372217301,-1.499093778,-1.683818102,-0.285504061,-0.884863422,0,0,1,0,0,0,0,0,0,1,1,0,0,0,0,0,0,0,0,0,0,0,0,0,0,0,0,0,1,0,103600
0.544547091,-0.145483695,-0.524174055,0.685995678,0.34271234,-0.285504061,-1.538684258,0,0,0,1,0,0,0,0,0,1,1,0,0,0,0,0,0,0,0,0,0,1,0,0,0,0,0,0,0,0,163900
-0.27871789,-0.400719532,0.372217301,-1.596933605,-1.683818102,-0.285504061,-0.156125614,0,0,0,0,1,0,0,0,0,1,1,0,0,0,0,0,0,0,0,0,0,0,0,1,0,0,0,0,0,0,113000
-0.866764305,-0.190580009,-0.524174055,1.17519481,1.114723937,-0.285504061,0.704284445,0,1,0,0,0,0,0,0,0,1,1,0,0,0,0,0,0,0,0,0,0,0,0,0,0,0,0,1,0,0,250580
-0.866764305,-0.356739004,-0.524174055,0.979515157,0.825219588,-0.285504061,0.465912265,0,0,0,1,0,0,0,0,0,1,1,0,0,0,0,0,0,0,0,0,0,0,0,0,0,0,0,1,0,0,220000
-0.866764305,-0.178027426,-0.524174055,0.751222229,0.439213789,-0.285504061,-0.162936248,0,0,0,1,0,0,0,0,0,1,1,0,0,0,0,0,0,0,0,0,0,0,0,0,0,0,0,1,0,0,126000
-0.161108607,-0.073422575,1.268608656,-1.009894646,-1.683818102,-0.285504061,-0.644221031,0,0,0,1,0,0,0,0,0,1,1,0,0,0,0,0,0,0,0,0,0,0,0,0,0,0,0,1,0,0,139500
0.074109959,0.322123236,-0.524174055,1.142581534,1.018222487,-0.285504061,0.002789172,0,0,0,1,0,1,0,0,0,0,1,0,0,0,0,0,0,0,0,0,0,0,0,0,0,0,0,1,0,0,280000
-0.866764305,-0.698076256,-0.524174055,1.17519481,1.066473212,-0.285504061,0.463642053,0,0,0,1,0,0,0,0,0,1,1,0,0,0,0,0,0,0,0,0,0,0,0,0,0,0,0,1,0,0,159895
-0.866764305,-0.262920075,-0.524174055,1.24042136,1.162974661,-0.285504061,0.354671914,0,1,0,0,0,0,0,0,0,1,1,0,0,0,0,0,0,0,0,0,0,0,0,0,0,0,0,1,0,0,208300
-0.866764305,-0.224053561,-0.524174055,-0.683761892,-1.683818102,-0.285504061,-0.2946085,0,0,0,1,0,0,0,0,0,1,1,0,0,0,0,0,0,0,1,0,0,0,0,0,0,0,0,0,0,0,124000
2.426295619,-0.779342603,-0.524174055,0.098956719,-0.525800706,2.844440723,-0.469414765,0,0,0,1,0,0,0,0,0,1,0,0,0,0,1,0,0,0,0,0,0,0,0,0,1,0,0,0,0,0,147000
-0.161108607,-0.500210369,2.165000012,-1.98829291,0.873470313,-0.285504061,-1.309392923,0,0,0,0,1,1,0,0,0,0,1,0,0,0,0,0,0,0,0,0,0,0,0,0,0,0,0,1,0,0,117000
-0.866764305,0.642539519,-0.524174055,-0.357629137,-1.201310854,-0.285504061,0.944926836,0,0,0,1,0,0,0,0,0,1,1,0,0,0,0,0,0,0,0,0,0,0,0,0,0,0,0,0,1,0,157500
-0.161108607,-0.211965889,-2.316956766,-1.98829291,0.535715239,-0.285504061,-0.916646379,0,0,0,1,0,0,0,1,0,0,1,0,0,0,0,0,0,0,0,0,0,0,0,0,0,0,0,0,1,0,81000
0.074109959,-0.208246606,-0.524174055,1.044741708,0.873470313,-0.285504061,-0.467144554,0,0,0,1,0,0,0,0,0,1,1,0,0,0,0,0,0,0,0,0,0,0,0,0,0,0,0,1,0,0,208500
0.662156374,-0.292860308,0.372217301,0.229409821,-0.332797807,-0.285504061,-0.394497794,0,0,0,1,0,0,1,0,0,0,1,0,0,0,0,0,0,0,0,0,0,0,0,0,0,0,0,1,0,0,156000
0.074109959,1.674454755,-0.524174055,-0.129336209,-0.86355578,4.545360212,-0.11072139,0,0,0,1,0,0,1,0,0,0,1,0,0,0,0,0,0,0,0,0,0,0,0,0,1,0,0,0,0,0,185000
0.544547091,-0.08876462,-0.524174055,1.142581534,1.066473212,-0.285504061,-1.538684258,0,0,0,1,0,0,0,0,0,1,1,0,0,0,0,0,0,0,0,0,0,0,0,0,0,0,0,1,0,0,167500
-0.866764305,-0.205457143,0.372217301,-0.259789311,-1.056558679,-0.285504061,-0.208340473,0,0,0,1,0,1,0,0,0,0,1,0,0,0,0,0,0,0,0,0,0,1,0,0,0,0,0,0,0,0,132500
0.544547091,0.15233794,-0.524174055,0.16418327,-0.429299257,-0.285504061,-0.112991601,0,0,0,1,0,0,0,0,0,1,1,0,0,0,0,0,0,0,0,0,0,1,0,0,0,0,0,0,0,0,169900
0.074109959,0.088831172,-0.524174055,1.077354983,0.921721037,-0.285504061,-0.458063709,0,0,0,1,0,1,0,0,0,0,1,0,0,0,0,0,0,0,0,0,0,0,0,0,0,0,0,1,0,0,196500
3.131951317,-0.436052726,-1.42056541,-0.55330879,-1.490815202,-0.285504061,-0.56930406,0,0,0,0,1,0,0,0,0,1,0,1,0,0,0,0,0,0,0,0,0,0,0,0,0,0,0,0,1,0,93000
0.544547091,0.076464554,1.268608656,-0.390242413,1.018222487,-0.285504061,-0.097100122,0,0,0,1,0,1,0,0,0,0,1,0,0,0,0,0,0,0,0,0,0,0,0,0,1,0,0,0,0,0,177000
-0.866764305,-0.129211829,-0.524174055,-0.357629137,-1.201310854,-0.285504061,0.468182476,0,0,0,1,0,0,0,0,0,1,1,0,0,0,0,0,0,0,0,0,0,0,0,1,0,0,0,0,0,0,167500
0.074109959,0.176606265,-0.524174055,1.109968259,0.969971762,-0.285504061,-0.725948635,0,0,0,1,0,0,0,0,0,1,1,0,0,0,0,0,0,0,0,0,0,0,0,0,0,0,0,1,0,0,174000
2.426295619,-0.500582297,1.268608656,0.5229293,0.101458716,1.073966906,0.005059383,0,0,0,1,0,0,0,0,0,1,0,0,0,0,1,0,0,0,0,0,0,1,0,0,0,0,0,0,0,0,239000
-0.631545739,-0.465435067,2.165000012,-1.336027401,0.969971762,-0.285504061,-0.564763637,0,0,0,0,1,0,0,0,0,1,1,0,0,0,0,0,0,0,0,0,0,0,0,0,0,0,0,0,1,0,110000
3.131951317,-0.363526696,2.165000012,-1.172961024,-0.139794908,-0.285504061,-1.22993553,0,0,0,0,1,0,0,0,0,1,0,1,0,0,0,0,0,0,0,0,0,0,0,0,0,0,0,0,1,0,84500
-0.866764305,1.577009524,1.268608656,-0.357629137,1.066473212,-0.285504061,-1.082371799,0,0,0,1,0,0,0,0,0,1,1,0,0,0,0,0,0,0,0,0,0,0,0,0,0,0,0,0,1,0,242000
0.544547091,-0.045527948,-0.524174055,0.555542576,0.197960165,-0.285504061,0.906333245,0,0,0,1,0,0,0,0,0,1,1,0,0,0,0,0,0,0,0,0,0,1,0,0,0,0,0,0,0,0,175000
0.074109959,-0.238465785,-0.524174055,0.751222229,0.487464514,-0.285504061,-0.816757085,0,0,0,1,0,0,0,0,0,1,1,0,0,0,0,0,0,0,0,0,0,1,0,0,0,0,0,0,0,0,174000
3.131951317,-0.075933091,-0.524174055,-0.031496382,-0.718803606,-0.285504061,-0.231042585,0,0,0,1,0,0,0,0,0,1,0,1,0,0,0,0,0,0,0,0,0,1,0,0,0,0,0,0,0,0,129000
-0.866764305,-0.324474218,-0.524174055,-0.683761892,-1.683818102,-0.285504061,-2.410445374,0,0,0,1,0,0,0,0,0,1,1,0,0,0,0,0,0,0,1,0,0,0,0,0,0,0,0,0,0,0,109900
0.779765657,-0.324474218,-0.524174055,-0.716375167,-1.683818102,-0.285504061,-2.410445374,0,0,0,1,0,0,0,0,0,1,0,0,1,0,0,0,0,0,1,0,0,0,0,0,0,0,0,0,0,0,90000
0.309328525,-0.288397167,0.372217301,-1.662160155,-1.683818102,-0.285504061,-0.610167862,0,0,0,1,0,0,0,0,0,1,1,0,0,0,0,0,0,0,0,0,0,0,0,0,0,0,1,0,0,0,200100
0.074109959,-0.157106456,-0.524174055,1.17519481,1.066473212,-0.285504061,0.277484732,0,1,0,0,0,0,0,0,0,1,1,0,0,0,0,0,0,0,0,0,1,0,0,0,0,0,0,0,0,0,303477
-0.866764305,0.656951743,-1.42056541,-0.390242413,-1.249561578,-0.285504061,0.917684301,0,0,0,1,0,0,0,0,0,1,1,0,0,0,0,0,0,0,0,0,0,1,0,0,0,0,0,0,0,0,149900
-0.161108607,0.010261306,0.372217301,-1.825226533,-1.683818102,-0.285504061,-0.853080464,0,0,0,0,1,0,0,0,0,1,1,0,0,0,0,0,0,0,0,0,0,0,0,1,0,0,0,0,0,0,139000
0.074109959,0.050057641,-0.524174055,0.718608953,0.390963065,3.072073071,0.041382763,0,0,0,1,0,0,1,0,0,0,1,0,0,0,0,0,0,0,0,0,0,0,0,0,0,0,0,1,0,0,228000
1.485421355,-0.552280339,-0.524174055,1.142581534,1.066473212,-0.285504061,1.160596903,0,0,0,0,1,0,0,0,0,1,0,0,0,0,1,0,0,0,0,0,0,0,0,0,0,0,0,1,0,0,235000
-0.161108607,0.455924464,-1.42056541,-0.585922065,-1.539065927,-0.285504061,0.549910081,0,0,0,1,0,1,0,0,0,0,1,0,0,0,0,0,0,0,1,0,0,0,0,0,0,0,0,0,0,0,225000
0.074109959,0.297668947,-0.524174055,1.207808085,1.162974661,-0.285504061,1.526100913,0,0,0,1,0,0,0,0,0,1,1,0,0,0,0,0,0,0,0,0,0,0,0,0,0,0,0,1,0,0,582933
0.074109959,0.142667802,-0.524174055,0.946901881,0.728718138,-0.285504061,-0.158395826,0,0,0,1,0,1,0,0,0,0,1,0,0,0,0,0,0,0,0,0,0,0,0,0,0,0,0,1,0,0,244000
3.131951317,0.470522652,-0.524174055,-0.585922065,-1.539065927,-0.285504061,0.234350718,0,0,0,1,0,1,0,0,0,0,0,1,0,0,0,0,0,0,0,0,0,0,0,1,0,0,0,0,0,0,157000
-0.866764305,-0.115264516,-0.524174055,-0.55330879,-1.490815202,-0.285504061,-0.380876527,0,0,0,1,0,0,0,0,0,1,1,0,0,0,0,0,0,0,0,0,0,0,0,1,0,0,0,0,0,0,110000
1.485421355,0.014538482,-0.524174055,0.718608953,0.390963065,-0.285504061,1.492047744,0,0,0,1,0,0,1,0,0,0,0,0,0,0,1,0,0,0,1,0,0,0,0,0,0,0,0,0,0,0,324000
0.074109959,0.023650727,-0.524174055,0.751222229,0.439213789,-0.285504061,0.36602297,0,0,0,1,0,0,0,0,0,1,1,0,0,0,0,0,0,0,0,0,0,0,0,0,0,0,0,1,0,0,271000
-0.866764305,-0.175702874,0.372217301,-0.227176035,-1.008307954,-0.285504061,0.429588885,0,0,0,1,0,0,0,0,0,1,1,0,0,0,0,0,0,0,0,0,0,1,0,0,0,0,0,0,0,0,160000
-0.866764305,-0.293325218,1.268608656,-0.422855688,0.004957266,1.478646635,-0.340012725,0,0,0,1,0,0,0,0,0,1,1,0,0,0,0,0,0,0,0,0,0,0,0,1,0,0,0,0,0,0,120000
-0.161108607,-0.443026383,0.372217301,-1.98829291,-1.683818102,-0.285504061,-1.048318631,0,0,0,0,1,0,0,0,0,1,1,0,0,0,0,0,0,0,0,0,0,0,0,0,0,0,0,1,0,0,37900
0.074109959,-0.106152271,0.372217301,1.044741708,0.873470313,-0.285504061,-0.274176599,0,0,0,1,0,0,1,0,0,0,1,0,0,0,0,0,0,0,0,0,0,0,0,0,0,0,0,1,0,0,237000
0.074109959,0.754118027,-0.524174055,0.16418327,-0.429299257,-0.285504061,-0.603357228,0,0,0,1,0,0,0,1,0,0,1,0,0,0,0,0,0,0,0,0,0,1,0,0,0,0,0,0,0,0,190000
-0.631545739,-0.261339379,-0.524174055,-1.662160155,-1.683818102,-0.285504061,-0.775893282,1,0,0,0,0,0,0,0,0,1,1,0,0,0,0,0,0,0,0,0,0,0,0,0,0,0,0,0,1,0,34900
-0.866764305,0.562295975,-0.524174055,1.077354983,0.969971762,-0.285504061,2.084572877,0,0,0,1,0,0,0,0,1,0,1,0,0,0,0,0,0,0,0,0,0,0,0,0,0,0,0,1,0,0,315000
-0.866764305,0.321286397,1.268608656,0.425089474,0.632216689,-0.285504061,0.331969802,0,0,0,1,0,1,0,0,0,0,1,0,0,0,0,0,0,0,0,0,0,0,0,0,0,0,0,0,1,0,202500
-0.866764305,0.552811802,1.268608656,0.196796546,0.728718138,-0.285504061,1.226433029,0,0,0,1,0,0,0,1,0,0,1,0,0,0,0,0,0,0,0,0,1,0,0,0,0,0,0,0,0,0,215000
-0.396327173,-0.491841981,1.268608656,-1.466480503,0.921721037,-0.285504061,0.198027339,0,0,0,0,1,1,0,0,0,0,1,0,0,0,0,0,0,0,0,0,0,0,0,1,0,0,0,0,0,0,152000
-0.866764305,0.523615426,0.372217301,-0.455468963,0.583965964,-0.285504061,0.958548103,0,0,0,1,0,0,1,0,0,0,1,0,0,0,0,0,0,0,0,0,0,0,0,1,0,0,0,0,0,0,207500
0.544547091,-0.02246839,0.372217301,0.033730168,-0.622302156,-0.285504061,-0.846269831,0,0,0,1,0,1,0,0,0,0,1,0,0,0,0,0,0,0,0,0,0,1,0,0,0,0,0,0,0,0,158000
2.426295619,-0.759444436,-0.524174055,1.077354983,0.921721037,-0.285504061,-0.208340473,0,0,0,0,1,0,0,0,0,1,0,0,0,1,0,0,0,0,0,0,0,0,0,0,0,0,0,1,0,0,130000
-0.866764305,0.043734858,-0.524174055,-0.096722933,-0.815305055,-0.285504061,2.379700338,0,0,0,1,0,1,0,0,0,0,1,0,0,0,0,0,0,0,1,0,0,0,0,0,0,0,0,0,0,0,244000
-0.631545739,-0.596911742,0.372217301,-1.303414125,1.018222487,-0.285504061,-1.17545046,0,0,1,0,0,0,0,0,0,1,1,0,0,0,0,0,0,0,0,0,0,0,0,1,0,0,0,0,0,0,79000
-0.631545739,-0.655862387,-1.42056541,-1.596933605,-1.683818102,-0.285504061,-0.603357228,0,0,0,0,1,0,0,0,0,1,1,0,0,0,0,1,0,0,0,0,0,0,0,0,0,0,0,0,0,0,55000
-0.866764305,0.555973193,0.372217301,0.327249648,-0.188045633,-0.285504061,1.417130773,0,0,0,1,0,1,0,0,0,0,1,0,0,0,0,0,0,0,0,0,0,0,0,0,1,0,0,0,0,0,228000
0.074109959,-0.011868431,-0.524174055,1.17519481,1.066473212,-0.285504061,1.181028805,0,0,0,1,0,0,0,0,0,1,1,0,0,0,0,0,0,0,0,0,0,0,0,0,0,0,0,1,0,0,325624
0.074109959,-0.180351979,-0.524174055,0.81644878,0.535715239,-0.285504061,-0.412659484,0,0,0,1,0,0,0,0,0,1,1,0,0,0,0,0,0,0,0,0,0,0,0,0,0,0,0,1,0,0,191000
-0.866764305,-0.045806894,-0.524174055,-0.325015862,-1.153060129,2.079343109,0.681582332,0,0,0,1,0,0,0,0,0,1,1,0,0,0,0,0,0,0,0,0,0,0,0,0,0,0,0,0,0,1,163000
0.074109959,-0.107732966,-0.524174055,0.88167533,0.632216689,-0.285504061,-0.607897651,0,0,0,1,0,0,1,0,0,0,1,0,0,0,0,0,0,0,0,0,0,0,0,0,0,0,0,1,0,0,211000
1.485421355,-0.47445433,-0.524174055,1.207808085,1.114723937,-0.285504061,1.221892607,0,0,0,0,1,0,0,0,0,1,0,0,0,0,1,0,0,0,0,0,1,0,0,0,0,0,0,0,0,0,392500
0.309328525,-0.157106456,3.061391367,-1.662160155,0.149709441,-0.285504061,-0.934808069,0,0,0,0,1,0,0,0,0,1,1,0,0,0,0,0,0,0,0,0,0,0,0,0,0,0,0,1,0,0,143000
-0.631545739,-0.424894876,1.268608656,-1.499093778,-1.683818102,-0.285504061,-0.666923143,0,0,0,0,1,0,0,0,0,1,1,0,0,0,0,0,0,0,0,0,0,0,0,1,0,0,0,0,0,0,88000
-0.161108607,-0.111545232,1.268608656,-0.977281371,-1.683818102,0.757810867,-0.580655116,0,0,0,1,0,0,0,0,0,1,1,0,0,0,0,0,0,0,0,0,0,0,0,0,0,0,0,0,1,0,133000
-0.866764305,-0.045527948,1.268608656,-0.55330879,0.873470313,2.00346566,0.055004031,0,0,0,1,0,0,0,0,0,1,1,0,0,0,0,0,0,0,0,0,0,0,0,0,0,0,0,0,1,0,144900
2.426295619,-0.837735356,-0.524174055,0.001116893,-0.670552881,-0.285504061,-0.884863422,0,0,0,0,1,0,0,0,0,1,0,0,0,1,0,0,0,0,0,0,1,0,0,0,0,0,0,0,0,0,91500
0.662156374,-0.1812818,0.372217301,0.359862923,-0.139794908,-0.285504061,-0.503467934,0,0,0,1,0,0,0,0,0,1,1,0,0,0,0,0,0,0,0,0,0,1,0,0,0,0,0,0,0,0,137000
-0.161108607,-0.175702874,1.268608656,-1.98829291,0.921721037,-0.285504061,-1.102803701,0,0,0,0,1,1,0,0,0,0,1,0,0,0,0,0,0,0,0,0,0,0,0,0,0,0,0,0,1,0,96500
0.309328525,-0.324474218,0.372217301,-1.303414125,0.728718138,-0.285504061,-0.648761453,0,0,0,1,0,0,0,0,0,1,1,0,0,0,0,0,0,0,0,0,0,0,0,0,0,0,1,0,0,0,149000
0.544547091,-0.155246814,1.268608656,-0.161949484,-0.911806505,3.122658037,0.148082691,0,0,0,1,0,0,0,0,0,1,1,0,0,0,0,0,0,0,0,0,0,1,0,0,0,0,0,0,0,0,174900
0.074109959,-0.263942878,-0.524174055,1.012128432,0.825219588,-0.285504061,-0.458063709,0,0,0,1,0,0,0,0,0,1,1,0,0,0,0,0,0,0,0,0,0,0,0,0,0,0,0,1,0,0,216500
0.074109959,0.066422488,-0.524174055,0.88167533,0.680467413,-0.285504061,0.207108184,0,0,0,1,0,0,0,0,0,1,1,0,0,0,0,0,0,0,0,0,0,0,0,0,0,0,0,1,0,0,222500
0.074109959,0.019559515,1.268608656,0.196796546,-0.381048532,-0.285504061,-0.846269831,0,0,0,1,0,0,0,1,0,0,1,0,0,0,0,0,0,0,0,0,0,1,0,0,0,0,0,0,0,0,161750
-0.866764305,0.138762555,-0.524174055,1.109968259,0.969971762,-0.285504061,1.087950144,0,0,0,1,0,1,0,0,0,0,1,0,0,0,0,0,0,0,0,0,0,0,0,0,0,0,0,1,0,0,220000
-0.866764305,-0.306993585,0.372217301,-0.390242413,0.825219588,-0.285504061,0.002789172,0,0,0,1,0,1,0,0,0,0,1,0,0,0,0,0,0,0,0,0,0,0,0,1,0,0,0,0,0,0,150750
-0.161108607,-0.436052726,0.372217301,-1.140347748,-1.683818102,-0.285504061,-0.884863422,0,0,0,0,1,0,0,0,0,1,1,0,0,0,0,0,0,0,0,0,0,0,0,1,0,0,0,0,0,0,128000
0.074109959,0.073024217,0.372217301,0.131569995,-0.477549982,-0.285504061,-0.791784761,0,0,0,1,0,0,0,0,0,1,1,0,0,0,0,0,0,0,0,0,0,0,0,0,0,0,0,1,0,0,179900
0.074109959,-0.103920701,-0.524174055,0.620769127,0.24621089,-0.285504061,0.888171555,0,0,0,1,0,0,0,0,0,1,1,0,0,0,0,0,0,0,0,0,0,0,0,0,0,0,0,0,1,0,302000
0.426937808,1.139993701,3.061391367,-2.575331868,0.390963065,-0.285504061,0.102678467,0,0,0,0,1,0,0,0,0,1,1,0,0,0,0,0,0,0,0,0,0,0,0,0,0,0,0,0,1,0,475000
-0.866764305,0.577916966,0.372217301,-0.390242413,-1.249561578,-0.285504061,0.654339797,0,0,0,1,0,0,0,0,0,1,1,0,0,0,0,0,0,0,0,0,0,0,0,0,0,0,0,1,0,0,170000
0.074109959,1.440139888,-0.524174055,0.588155851,0.24621089,-0.285504061,0.336510224,0,0,0,1,0,0,0,0,0,1,1,0,0,0,0,0,0,0,0,0,0,0,0,1,0,0,0,0,0,0,335000
-0.161108607,-0.203597501,1.268608656,-1.694773431,0.969971762,-0.285504061,-0.610167862,0,0,0,0,1,1,0,0,0,0,1,0,0,0,0,0,0,0,0,0,1,0,0,0,0,0,0,0,0,0,115000
-0.866764305,-0.257341149,1.268608656,-0.585922065,1.066473212,-0.285504061,-0.010832095,0,0,0,1,0,0,0,0,0,1,1,0,0,0,0,0,0,0,0,0,0,0,0,0,0,0,0,1,0,0,109000
-0.161108607,0.152244958,2.165000012,0.392476199,1.162974661,-0.285504061,0.985790638,0,0,0,1,0,0,0,0,0,1,1,0,0,0,0,0,0,0,0,0,0,0,0,0,0,0,0,0,1,0,316600
-0.866764305,0.357642395,-0.524174055,1.012128432,0.873470313,-0.285504061,1.258215987,0,0,0,1,0,0,0,0,0,1,1,0,0,0,0,0,0,0,0,0,0,0,0,0,0,0,0,1,0,0,270000
-0.866764305,0.136716949,-0.524174055,-0.390242413,-1.249561578,-0.285504061,0.286565577,0,0,0,1,0,0,0,0,0,1,1,0,0,0,0,0,0,0,0,0,0,0,0,0,1,0,0,0,0,0,142000
-0.866764305,0.4245895,-0.524174055,1.17519481,1.066473212,-0.285504061,0.960818315,0,0,0,1,0,0,1,0,0,0,1,0,0,0,0,0,0,0,0,0,0,0,0,0,0,0,0,1,0,0,282922
1.485421355,-0.575525862,-0.524174055,0.88167533,0.632216689,-0.285504061,0.350131492,0,0,0,0,1,0,0,1,0,0,0,0,0,1,0,0,0,0,0,0,0,0,0,0,0,0,0,1,0,0,164000
-0.866764305,0.068654059,-0.524174055,1.142581534,1.018222487,-0.285504061,1.280918099,0,0,0,1,0,0,0,0,0,1,1,0,0,0,0,0,0,0,0,0,0,0,0,0,0,0,0,1,0,0,250000
-0.161108607,-0.244137692,1.268608656,-0.716375167,1.018222487,-0.285504061,-0.884863422,0,0,0,1,0,1,0,0,0,0,1,0,0,0,0,0,0,0,0,0,0,0,0,1,0,0,0,0,0,0,122900
-0.866764305,-0.227214952,2.165000012,-0.096722933,0.776968863,3.938340617,-0.004021462,0,0,0,1,0,0,0,0,0,1,1,0,0,0,0,0,0,0,0,0,0,0,0,0,1,0,0,0,0,0,154000
2.426295619,-0.779342603,0.372217301,0.16418327,-0.429299257,-0.285504061,-0.585195538,0,0,0,1,0,1,0,0,0,0,0,0,0,0,1,0,0,0,0,0,0,0,0,0,1,0,0,0,0,0,155000
-0.631545739,-0.21289571,-0.524174055,-1.662160155,-1.683818102,-0.285504061,-1.752084115,0,0,0,1,0,0,0,0,0,1,1,0,0,0,0,0,0,0,0,0,0,0,0,0,0,0,0,0,1,0,60000
-0.631545739,-0.565483796,0.372217301,-0.846828269,-1.683818102,-0.285504061,-0.714597579,0,0,0,0,1,1,0,0,0,0,1,0,0,0,0,0,0,0,0,0,0,0,0,1,0,0,0,0,0,0,80000
-0.866764305,-0.329123323,-0.524174055,-0.129336209,-0.86355578,-0.285504061,-0.385416949,0,0,0,1,0,0,0,0,0,1,1,0,0,0,0,0,0,0,0,0,0,1,0,0,0,0,0,0,0,0,100000
0.779765657,-0.275379675,0.372217301,-0.292402586,-1.104809404,-0.285504061,0.100408255,0,0,0,1,0,0,0,0,0,1,0,0,1,0,0,0,0,0,0,0,0,0,0,0,0,0,0,0,1,0,132500
-0.866764305,-0.110615411,-0.524174055,-0.259789311,-1.056558679,-0.285504061,0.754229092,0,0,0,1,0,0,0,0,0,1,1,0,0,0,0,0,0,0,0,0,0,0,0,0,1,0,0,0,0,0,159000
0.779765657,-0.287653311,-0.524174055,-0.618535341,-1.587316652,-0.285504061,-0.231042585,0,0,0,0,1,0,0,0,0,1,0,0,1,0,0,0,0,0,0,0,0,0,0,0,0,0,0,0,1,0,124500
1.485421355,-0.581569697,-0.524174055,1.044741708,0.873470313,-0.285504061,-0.485306244,0,0,0,0,1,0,0,0,0,1,0,0,0,0,1,0,0,0,0,0,0,0,0,0,0,0,0,1,0,0,131500
-0.866764305,-0.245532424,-0.524174055,0.620769127,0.24621089,-0.285504061,0.561261137,0,0,0,1,0,0,1,0,0,0,1,0,0,0,0,0,0,0,0,0,0,1,0,0,0,0,0,0,0,0,180000
-0.27871789,-0.157106456,-2.316956766,-1.401253952,-1.683818102,-0.285504061,-0.630599763,0,0,1,0,0,1,0,0,0,0,1,0,0,0,0,0,0,0,0,0,0,0,0,0,0,0,0,0,1,0,76000
-0.866764305,-0.159152062,-0.524174055,-0.096722933,-0.815305055,-0.285504061,-0.25828512,0,0,0,1,0,1,0,0,0,0,1,0,0,0,0,0,0,0,0,0,0,0,0,0,1,0,0,0,0,0,108000
-0.866764305,-0.064124366,0.372217301,0.066343444,0.728718138,-0.285504061,0.259323042,0,0,0,1,0,0,0,0,0,1,1,0,0,0,0,0,0,0,0,0,0,1,0,0,0,0,0,0,0,0,157000
0.074109959,0.006727987,-0.524174055,0.914288606,0.680467413,-0.285504061,-0.190178783,0,0,0,1,0,0,1,0,0,0,1,0,0,0,0,0,0,0,0,0,0,0,0,0,0,0,0,1,0,0,225000
0.779765657,-0.129490775,-0.524174055,0.16418327,-0.429299257,-0.285504061,1.512479645,0,0,0,1,0,0,0,0,0,1,0,0,1,0,0,0,0,0,0,0,0,0,0,0,1,0,0,0,0,0,188000
-0.631545739,-0.507462972,-0.524174055,-1.499093778,0.921721037,-0.285504061,-0.866701732,0,0,0,0,1,0,0,0,0,1,1,0,0,0,0,0,0,0,0,0,0,0,0,0,0,0,0,0,1,0,73000
2.896732751,-0.845545851,-0.524174055,0.066343444,-0.574051431,-0.285504061,-1.361607782,0,0,0,0,1,0,0,0,0,1,0,0,0,1,0,0,0,0,0,0,1,0,0,0,0,0,0,0,0,0,91000
2.426295619,-0.714998997,-0.524174055,1.24042136,1.162974661,-0.285504061,-1.021076096,0,1,0,0,0,0,0,0,0,1,0,0,0,0,1,0,0,0,0,0,0,0,0,0,0,0,0,1,0,0,173733
2.426295619,-0.837735356,-0.524174055,0.033730168,-0.622302156,-0.285504061,-1.313933346,0,0,0,0,1,0,0,0,0,1,0,0,0,1,0,0,0,0,0,0,0,1,0,0,0,0,0,0,0,0,94500
0.074109959,-0.180351979,-0.524174055,0.751222229,0.487464514,-0.285504061,-0.333202091,0,0,0,1,0,0,0,0,0,1,1,0,0,0,0,0,0,0,0,0,0,0,0,0,0,0,0,1,0,0,210000
-0.866764305,-0.104013683,0.372217301,-0.488082239,-1.394313753,-0.285504061,0.186676282,0,0,0,1,0,0,0,0,0,1,1,0,0,0,0,0,0,0,0,0,0,0,0,0,0,0,0,0,1,0,129000
0.544547091,-0.02739644,0.372217301,0.229409821,-0.332797807,-0.285504061,-0.067587376,0,0,0,1,0,0,0,1,0,0,1,0,0,0,0,0,0,0,0,0,0,1,0,0,0,0,0,0,0,0,148000
0.074109959,-0.061427885,-0.524174055,0.555542576,0.197960165,-0.285504061,0.202567761,0,0,0,1,0,1,0,0,0,0,1,0,0,0,0,0,0,0,0,0,0,0,0,0,1,0,0,0,0,0,211000
-0.866764305,0.279444457,-0.524174055,1.077354983,0.921721037,-0.285504061,0.118569945,0,0,0,1,0,0,0,0,0,1,1,0,0,0,0,0,0,0,0,0,0,0,0,0,0,0,0,1,0,0,159000
0.544547091,0.667737665,-0.524174055,-0.129336209,-0.429299257,-0.285504061,1.403509506,0,0,0,1,0,0,1,0,0,0,1,0,0,0,0,0,0,0,0,0,0,1,0,0,0,0,0,0,0,0,197900
2.426295619,-0.837735356,1.268608656,0.033730168,-0.622302156,-0.285504061,-0.884863422,0,0,0,0,1,0,0,0,0,1,0,0,0,1,0,0,0,0,0,0,0,1,0,0,0,0,0,0,0,0,118000
-0.866764305,-0.21289571,-1.42056541,-0.683761892,-1.683818102,-0.285504061,-0.773623071,0,0,1,0,0,0,0,0,0,1,1,0,0,0,0,0,0,0,0,0,0,0,0,0,0,0,0,0,1,0,82000
1.485421355,-0.650283462,-0.524174055,0.490316025,0.053207991,-0.285504061,0.027761496,0,0,0,1,0,0,0,0,0,1,0,0,0,0,1,0,0,0,0,0,0,1,0,0,0,0,0,0,0,0,170000
-0.866764305,-0.343070636,2.165000012,0.229409821,0.969971762,-0.285504061,-0.448982864,0,0,0,1,0,0,1,0,0,0,1,0,0,0,0,0,0,0,0,0,0,0,0,0,0,0,0,1,0,0,136500
-0.866764305,0.056938315,-0.524174055,1.109968259,1.018222487,-0.285504061,1.707717812,0,0,0,1,0,0,0,0,0,1,1,0,0,0,0,0,0,0,0,0,0,0,0,0,0,0,0,1,0,0,319000
0.426937808,-0.324474218,1.268608656,-1.662160155,0.535715239,-0.285504061,-1.207233418,0,0,0,0,1,0,0,0,0,1,1,0,0,0,0,0,0,0,0,0,0,0,0,1,0,0,0,0,0,0,101000
-0.866764305,-0.169008164,2.165000012,-0.19456276,1.114723937,-0.285504061,-0.340012725,0,0,0,1,0,1,0,0,0,0,1,0,0,0,0,0,0,0,0,0,0,0,0,0,0,0,0,1,0,0,147000
0.074109959,0.099896041,1.268608656,0.914288606,1.066473212,-0.285504061,0.204837972,0,0,0,1,0,0,1,0,0,0,1,0,0,0,0,0,0,0,0,0,0,0,0,0,0,0,0,1,0,0,290000
-0.866764305,-0.347626759,-0.524174055,0.425089474,0.004957266,-0.285504061,-0.421740329,0,0,0,1,0,0,1,0,0,0,1,0,0,0,0,0,0,0,0,0,0,1,0,0,0,0,0,0,0,0,119500
-0.866764305,-0.167148522,1.268608656,-0.585922065,0.535715239,-0.285504061,-2.172073194,0,0,0,1,0,1,0,0,0,0,1,0,0,0,0,0,0,0,0,0,0,0,0,0,0,0,0,0,0,1,116000
0.779765657,-0.199506289,-1.42056541,-0.683761892,-1.683818102,-0.285504061,-2.410445374,0,0,0,1,0,1,0,0,0,0,0,0,1,0,0,0,0,0,1,0,0,0,0,0,0,0,0,0,0,0,92900
-0.161108607,-0.491841981,0.372217301,-1.662160155,-1.683818102,0.37842362,-0.503467934,0,0,0,1,0,1,0,0,0,0,1,0,0,0,0,0,0,0,0,1,0,0,0,0,0,0,0,0,0,0,105000
-0.866764305,0.349645935,-0.524174055,1.142581534,1.066473212,-0.285504061,2.404672662,0,0,0,1,0,0,0,0,0,1,1,0,0,0,0,0,0,0,0,0,1,0,0,0,0,0,0,0,0,0,415298
0.074109959,0.102871468,-0.524174055,1.077354983,0.969971762,-0.285504061,-0.487576455,0,0,0,1,0,0,0,0,0,1,1,0,0,0,0,0,0,0,0,0,0,0,0,0,0,0,0,1,0,0,215000
-0.161108607,-0.424894876,0.372217301,-1.140347748,-1.683818102,-0.285504061,-0.305959556,0,0,0,0,1,1,0,0,0,0,1,0,0,0,0,0,0,0,0,0,0,0,0,0,0,0,0,0,1,0,141500
-0.866764305,-0.268684964,0.372217301,-0.55330879,-1.490815202,-0.285504061,0.468182476,0,0,0,1,0,0,0,0,0,1,1,0,0,0,0,0,0,0,0,0,0,1,0,0,0,0,0,0,0,0,132000
-0.631545739,-0.436052726,-1.42056541,-1.662160155,-1.683818102,-0.285504061,-0.231042585,0,0,0,0,1,0,0,0,0,1,1,0,0,0,0,0,0,0,0,0,0,0,0,1,0,0,0,0,0,0,108500
-0.866764305,0.015747249,-0.524174055,0.751222229,0.487464514,-0.285504061,0.079976354,0,0,0,1,0,1,0,0,0,0,1,0,0,0,0,0,0,0,0,0,0,0,0,0,0,0,0,1,0,0,145000
0.426937808,0.010261306,1.268608656,-1.857839808,-0.718803606,-0.285504061,-0.412659484,0,0,0,0,1,0,0,0,0,1,1,0,0,0,0,0,0,0,0,0,0,0,0,0,0,0,0,0,1,0,163000
-0.161108607,-0.101317202,2.165000012,-0.683761892,0.969971762,-0.285504061,-0.467144554,0,0,0,1,0,0,0,0,0,1,1,0,0,0,0,0,0,0,0,0,0,0,0,0,0,0,0,1,0,0,140000
-0.866764305,0.266891875,-2.316956766,-0.096722933,-0.815305055,-0.285504061,0.749688669,0,0,0,1,0,1,0,0,0,0,1,0,0,0,0,0,0,0,0,0,0,0,0,0,0,0,0,0,1,0,110000
-0.161108607,-0.436052726,0.372217301,-1.042507922,-1.683818102,-0.285504061,-0.639680608,0,0,0,0,1,0,0,0,0,1,1,0,0,0,0,0,0,0,0,0,0,0,0,1,0,0,0,0,0,0,132500
-0.866764305,-0.043110414,-0.524174055,1.207808085,1.114723937,-0.285504061,1.271837254,0,0,0,1,0,0,0,0,0,1,1,0,0,0,0,0,0,0,0,0,0,0,0,0,0,0,0,1,0,0,295493
1.485421355,-0.596539814,-0.524174055,1.142581534,1.066473212,-0.285504061,0.406886773,0,1,0,0,0,0,0,0,0,1,0,0,0,0,1,0,0,0,0,0,0,0,0,0,0,0,0,1,0,0,199900
0.662156374,-0.320383006,1.268608656,-0.031496382,-0.718803606,-0.285504061,-0.666923143,0,0,0,1,0,0,0,0,0,1,1,0,0,0,0,0,0,0,0,0,0,0,0,0,0,0,0,1,0,0,129500
-0.866764305,0.38014406,1.268608656,-0.55330879,1.018222487,-0.285504061,0.531748391,0,0,0,1,0,0,1,0,0,0,1,0,0,0,0,0,0,0,0,0,0,1,0,0,0,0,0,0,0,0,224000
-0.866764305,-0.24181314,0.372217301,1.17519481,1.066473212,-0.285504061,0.810984373,0,0,0,1,0,0,0,0,0,1,1,0,0,0,0,0,0,0,0,0,0,0,0,1,0,0,0,0,0,0,392000
0.779765657,0.010261306,-0.524174055,0.5229293,0.149709441,-0.285504061,0.313808112,0,0,0,1,0,0,0,0,0,1,0,0,1,0,0,0,0,0,0,0,0,0,0,0,1,0,0,0,0,0,179000
0.074109959,-0.29918309,3.061391367,0.033730168,0.921721037,-0.285504061,-0.764542226,0,0,0,1,0,0,1,0,0,0,1,0,0,0,0,0,0,0,0,0,0,1,0,0,0,0,0,0,0,0,184000
-0.866764305,0.031554205,2.165000012,-0.422855688,0.825219588,2.313298578,0.277484732,0,0,0,1,0,1,0,0,0,0,1,0,0,0,0,0,0,0,0,0,0,0,0,1,0,0,0,0,0,0,176500
0.309328525,-0.568924133,-0.524174055,-1.792613257,-1.683818102,-0.285504061,-0.993833561,0,0,0,0,1,0,0,0,0,1,1,0,0,0,0,1,0,0,0,0,0,0,0,0,0,0,0,0,0,0,98000
0.074109959,0.378656347,0.372217301,-0.748988443,-1.683818102,-0.285504061,-2.410445374,0,0,0,1,0,1,0,0,0,0,1,0,0,0,0,0,0,0,0,0,0,0,0,0,1,0,0,0,0,0,169000
-0.631545739,-0.301600624,-0.524174055,-0.977281371,-1.683818102,-0.285504061,-0.621518918,0,0,0,1,0,1,0,0,0,0,1,0,0,0,0,0,0,0,0,0,0,0,0,0,0,0,0,0,0,1,100000
2.426295619,-0.781109263,0.372217301,0.229409821,-0.332797807,-0.285504061,-0.469414765,0,0,0,1,0,0,0,0,0,1,0,0,0,1,0,0,0,0,0,0,0,0,0,0,1,0,0,0,0,0,148500
-0.866764305,-0.147808247,0.372217301,-0.390242413,-1.249561578,-0.285504061,-0.448982864,0,0,0,1,0,0,0,0,0,1,1,0,0,0,0,0,0,0,0,0,0,0,0,0,0,0,0,0,1,0,127500
-0.866764305,-0.157106456,0.372217301,0.001116893,-0.670552881,-0.285504061,-0.448982864,0,0,0,1,0,0,0,1,0,0,1,0,0,0,0,0,0,0,0,0,0,1,0,0,0,0,0,0,0,0,120500
0.779765657,0.073024217,-0.524174055,-0.422855688,-1.297812303,-0.285504061,1.185569227,0,0,0,1,0,1,0,0,0,0,0,0,1,0,0,0,0,0,0,0,0,0,0,0,0,0,0,1,0,0,110000
-0.866764305,-0.208246606,0.372217301,-0.096722933,-0.815305055,-0.285504061,-0.013102306,0,0,0,1,0,0,0,0,0,1,1,0,0,0,0,0,0,0,0,0,0,0,0,0,0,0,0,1,0,0,142000
-0.631545739,-0.062264724,-4.109739476,-1.596933605,-1.683818102,-0.285504061,-0.859891098,0,0,0,1,0,0,0,0,0,1,1,0,0,0,0,0,0,0,0,0,0,0,0,0,0,0,0,0,1,0,61000
-0.866764305,-0.584545124,-0.524174055,1.24042136,1.162974661,-0.285504061,0.926765146,0,1,0,0,0,0,0,0,0,1,1,0,0,0,0,0,0,0,0,0,0,0,0,1,0,0,0,0,0,0,222000
-0.161108607,-0.455578965,0.372217301,-1.825226533,-1.683818102,-0.285504061,-0.503467934,0,0,0,0,1,1,0,0,0,0,1,0,0,0,0,0,0,0,0,0,0,0,0,0,0,0,0,1,0,0,107400
0.074109959,-0.140462662,-0.524174055,0.914288606,0.680467413,-0.285504061,-0.428550963,0,0,0,1,0,0,0,0,0,1,1,0,0,0,0,0,0,0,0,0,0,0,0,0,0,0,0,1,0,0,193000
0.074109959,-0.035857811,1.268608656,0.16418327,-0.429299257,-0.285504061,-0.639680608,0,0,0,1,0,0,1,0,0,0,1,0,0,0,0,0,0,0,0,0,0,0,0,0,1,0,0,0,0,0,197500
2.426295619,-0.818209117,-0.524174055,0.066343444,-0.574051431,-0.285504061,-0.884863422,0,0,0,0,1,0,0,0,0,1,0,0,0,1,0,0,0,0,0,0,0,1,0,0,0,0,0,0,0,0,113000
-0.866764305,0.382468613,-0.524174055,1.17519481,1.114723937,-0.285504061,2.307053579,0,0,0,1,0,0,0,0,0,1,1,0,0,0,0,0,0,0,0,0,1,0,0,0,0,0,0,0,0,0,385000
2.426295619,-0.781946102,0.372217301,0.16418327,-0.429299257,-0.285504061,-0.469414765,0,0,0,1,0,0,0,1,0,0,0,0,0,1,0,0,0,0,0,0,0,0,0,0,1,0,0,0,0,0,148500
-0.866764305,-0.069982238,0.372217301,-0.19456276,-0.96005723,1.548200964,0.440939941,0,0,0,1,0,0,0,0,0,1,1,0,0,0,0,0,0,0,0,0,0,1,0,0,0,0,0,0,0,0,147500
0.074109959,-0.263013057,-0.524174055,1.012128432,0.873470313,-0.285504061,-0.632869974,0,0,0,1,0,0,0,0,0,1,1,0,0,0,0,0,0,0,0,0,0,0,0,0,0,0,0,1,0,0,183200
0.309328525,-0.318988275,2.165000012,-0.846828269,0.825219588,0.662964055,-0.076668221,0,0,0,1,0,0,0,0,0,1,1,0,0,0,0,0,0,0,0,0,0,0,0,0,0,0,0,0,1,0,259500
0.309328525,1.090713193,0.372217301,-1.727386706,-1.683818102,-0.285504061,0.699744022,0,0,0,1,0,0,0,0,0,1,1,0,0,0,0,0,0,0,0,0,0,0,0,0,0,0,0,0,1,0,239000
-0.161108607,-0.157106456,0.372217301,-1.107734473,-1.683818102,-0.285504061,-0.639680608,0,0,0,0,1,0,0,0,0,1,1,0,0,0,0,0,0,0,0,0,0,0,0,0,0,0,0,0,1,0,141000
3.131951317,-0.028605208,-0.524174055,-0.422855688,-1.297812303,-0.285504061,-1.075561166,0,0,0,1,0,0,0,0,0,1,0,1,0,0,0,0,0,0,0,0,0,1,0,0,0,0,0,0,0,0,140000
0.779765657,-0.177841462,1.268608656,-2.314425665,0.873470313,-0.285504061,0.477263321,0,0,0,1,0,0,0,0,0,1,0,0,1,0,0,0,0,0,0,0,0,0,0,1,0,0,0,0,0,0,145900
-0.866764305,0.196504433,-0.524174055,1.012128432,0.825219588,-0.285504061,0.981250216,0,0,0,1,0,0,0,0,0,1,1,0,0,0,0,0,0,0,0,0,0,0,0,0,0,0,0,1,0,0,221000
-0.161108607,0.100174987,1.268608656,-1.98829291,0.728718138,-0.285504061,-1.13912708,0,0,0,1,0,0,0,0,0,1,1,0,0,0,0,0,0,0,0,0,0,0,0,1,0,0,0,0,0,0,112000
-0.866764305,-0.2435798,-0.524174055,0.751222229,0.487464514,-0.285504061,-0.162936248,0,0,0,1,0,0,0,0,0,1,1,0,0,0,0,0,0,0,0,0,0,0,0,0,0,0,0,1,0,0,123600
-0.161108607,3.246038042,2.165000012,-2.053519461,0.583965964,-0.285504061,-0.351363781,0,0,0,1,0,0,0,0,0,1,1,0,0,0,0,0,0,0,0,0,0,0,0,0,0,0,0,0,1,0,240000
-0.866764305,-0.491841981,1.268608656,-0.55330879,0.728718138,-0.285504061,-0.519359413,0,0,0,1,0,0,0,0,0,1,1,0,0,0,0,0,0,0,0,0,0,0,0,1,0,0,0,0,0,0,117000
0.074109959,0.183672904,-0.524174055,1.109968259,1.018222487,-0.285504061,0.073165721,0,0,0,1,0,0,0,0,0,1,1,0,0,0,0,0,0,0,0,0,0,0,0,0,0,0,0,1,0,0,281213
0.074109959,-0.041808664,-0.524174055,1.109968259,0.969971762,-0.285504061,-0.072127799,0,0,0,1,0,0,0,0,0,1,1,0,0,0,0,0,0,0,0,0,0,0,0,0,0,0,0,1,0,0,275500
-0.866764305,-0.268684964,1.268608656,-0.129336209,0.921721037,-0.285504061,-0.448982864,0,0,0,1,0,0,0,0,0,1,1,0,0,0,0,0,0,0,0,0,0,1,0,0,0,0,0,0,0,0,130000
0.074109959,0.114773175,-0.524174055,1.109968259,1.018222487,-0.285504061,0.257052831,0,0,0,1,0,0,0,0,0,1,1,0,0,0,0,0,0,0,0,0,0,0,0,0,0,0,0,0,0,1,345000
-0.866764305,-0.324474218,-0.524174055,0.033730168,-0.622302156,-0.285504061,-0.380876527,0,0,0,1,0,0,0,0,0,1,1,0,0,0,0,0,0,0,0,0,0,0,0,1,0,0,0,0,0,0,123000
1.485421355,-0.248972761,-0.524174055,0.685995678,0.34271234,-0.285504061,1.165137326,0,0,0,1,0,0,0,0,0,1,0,0,0,0,1,0,0,0,0,0,0,0,0,0,1,0,0,0,0,0,179200
1.485421355,-0.582406536,-0.524174055,1.077354983,0.921721037,-0.285504061,-0.485306244,0,0,0,0,1,0,0,0,0,1,0,0,0,0,1,0,0,0,0,0,0,0,0,0,0,0,0,1,0,0,141000
0.426937808,-0.17105377,0.372217301,-1.792613257,-1.683818102,-0.285504061,-0.560223215,0,0,0,0,1,1,0,0,0,0,1,0,0,0,0,0,0,0,0,0,0,0,0,1,0,0,0,0,0,0,144000
2.426295619,-0.746147997,0.372217301,0.196796546,-0.381048532,0.808395833,-0.691895467,0,0,0,0,1,0,0,0,0,1,0,0,0,0,1,0,0,0,0,0,1,0,0,0,0,0,0,0,0,0,127000
1.485421355,-0.28941997,-0.524174055,1.109968259,1.018222487,-0.285504061,0.681582332,0,0,0,1,0,1,0,0,0,0,0,0,0,0,1,0,0,0,0,0,0,0,0,0,0,0,0,1,0,0,194700
1.485421355,-0.696774507,-0.524174055,1.044741708,0.873470313,-0.285504061,0.479533532,0,0,0,1,0,0,0,0,0,1,0,0,0,0,1,0,0,0,0,0,0,0,0,0,0,0,0,1,0,0,215000
0.074109959,0.807861675,-0.524174055,1.109968259,1.018222487,-0.285504061,0.749688669,0,0,0,1,0,1,0,0,0,0,1,0,0,0,0,0,0,0,0,0,0,0,0,0,0,0,0,1,0,0,320000
0.074109959,-0.337863639,-0.524174055,-0.259789311,-1.056558679,-0.285504061,-0.639680608,0,0,0,1,0,0,0,0,0,1,1,0,0,0,0,0,0,0,0,0,0,1,0,0,0,0,0,0,0,0,140000
-0.161108607,-0.101317202,2.165000012,-1.499093778,0.439213789,-0.285504061,-0.816757085,0,0,0,0,1,0,0,0,0,1,1,0,0,0,0,0,0,0,0,0,0,0,0,0,0,0,0,1,0,0,125000
-0.866764305,-0.174401125,-0.524174055,1.142581534,1.018222487,-0.285504061,1.230973452,0,0,0,1,0,0,0,0,0,1,1,0,0,0,0,0,0,0,0,0,0,0,0,0,0,0,0,1,0,0,220000
3.131951317,14.31648569,0.372217301,-0.19456276,-0.96005723,0.643994693,0.992601272,0,0,0,1,0,1,0,0,0,0,0,1,0,0,0,0,0,0,0,0,0,0,0,0,1,0,0,0,0,0,228950
0.544547091,-0.101317202,0.372217301,-0.520695514,0.535715239,-0.285504061,-0.158395826,0,0,0,1,0,0,0,0,0,1,1,0,0,0,0,1,0,0,0,0,0,0,0,0,0,0,0,0,0,0,165500
2.896732751,-0.85661072,-1.42056541,-0.031496382,-0.718803606,-0.285504061,-0.980212294,0,0,0,0,1,0,0,0,0,1,0,0,0,0,1,0,0,0,0,0,1,0,0,0,0,0,0,0,0,0,80000
-0.866764305,0.142295874,-0.524174055,1.24042136,1.162974661,-0.285504061,2.143598369,0,0,0,1,0,0,0,0,0,1,1,0,0,0,0,0,0,0,0,0,1,0,0,0,0,0,0,0,0,0,402861
0.074109959,-0.21289571,0.372217301,0.979515157,0.776968863,-0.285504061,-0.571574271,0,0,0,1,0,0,0,0,0,1,1,0,0,0,0,0,0,0,0,0,0,0,0,0,0,0,0,1,0,0,227000
-0.866764305,-0.147808247,-0.524174055,1.077354983,0.969971762,-0.285504061,1.812147529,0,0,0,1,0,0,0,0,0,1,1,0,0,0,0,0,0,0,0,0,0,0,0,0,0,0,0,1,0,0,216837
0.309328525,-0.380263472,-1.42056541,-2.575331868,-0.96005723,-0.285504061,-0.153855403,0,0,0,0,1,1,0,0,0,0,1,0,0,0,0,0,0,0,0,0,0,0,0,0,0,0,0,0,1,0,107500
-0.631545739,-0.351346042,-0.524174055,-1.531707054,-1.683818102,-0.285504061,0.188946494,0,0,0,0,1,0,0,1,0,0,1,0,0,0,0,0,0,0,0,0,0,0,0,0,0,0,0,0,1,0,100000
-0.866764305,-0.198390504,-0.524174055,1.142581534,1.018222487,-0.285504061,0.404616561,0,0,0,1,0,0,0,0,0,1,1,0,0,0,0,0,0,0,0,0,0,0,0,0,0,0,0,1,0,0,194000
-0.866764305,0.120724029,0.372217301,-0.455468963,-1.346063028,-0.285504061,0.413697406,0,0,0,1,0,1,0,0,0,0,1,0,0,0,0,0,0,0,0,0,0,0,0,0,0,0,0,1,0,0,150000
-0.866764305,-0.088113745,-0.524174055,1.012128432,0.825219588,-0.285504061,1.623719996,0,0,0,1,0,0,0,0,0,1,1,0,0,0,0,0,0,0,0,0,0,0,0,0,0,0,0,1,0,0,230000
-0.866764305,-0.134046898,0.372217301,0.685995678,0.34271234,-0.285504061,0.21845924,0,0,0,1,0,0,0,0,0,1,1,0,0,0,0,0,0,0,0,0,0,1,0,0,0,0,0,0,0,0,173000
-0.866764305,-0.132745149,-0.524174055,1.207808085,1.162974661,-0.285504061,1.160596903,0,0,0,1,0,0,0,0,0,1,1,0,0,0,0,0,0,0,0,0,1,0,0,0,0,0,0,0,0,0,287090
0.074109959,0.325563574,-0.524174055,1.012128432,0.825219588,-0.285504061,-0.215151107,0,0,0,1,0,0,0,0,0,1,1,0,0,0,0,0,0,0,0,0,0,0,0,0,0,0,0,1,0,0,202900
-0.161108607,-0.474547312,1.268608656,-1.662160155,0.632216689,-0.285504061,-0.364985048,0,0,0,0,1,0,0,0,0,1,1,0,0,0,0,0,0,0,0,0,0,0,0,1,0,0,0,0,0,0,79900
-0.866764305,0.398647496,-0.524174055,1.142581534,1.066473212,-0.285504061,2.075492032,0,0,0,1,0,0,0,0,0,1,1,0,0,0,0,0,0,0,0,0,0,0,0,0,0,0,0,1,0,0,440000
0.309328525,-0.072864683,-1.42056541,-1.499093778,-1.683818102,-0.285504061,-0.853080464,0,0,0,0,1,0,0,0,0,1,1,0,0,0,0,0,0,0,0,0,0,0,0,1,0,0,0,0,0,0,107000
-0.866764305,-0.130513578,1.268608656,0.196796546,0.197960165,-0.285504061,0.468182476,0,0,0,1,0,0,1,0,0,0,1,0,0,0,0,0,0,0,0,0,0,1,0,0,0,0,0,0,0,0,143500
2.426295619,-0.620436211,-0.524174055,1.142581534,1.066473212,-0.285504061,-0.99156335,0,1,0,0,0,0,0,0,0,1,0,0,0,0,1,0,0,0,0,0,0,0,0,1,0,0,0,0,0,0,171900
0.779765657,-0.080396232,-0.524174055,-0.19456276,-0.96005723,-0.285504061,-2.410445374,0,0,0,1,0,0,0,0,0,1,0,0,1,0,0,0,1,0,0,0,0,0,0,0,0,0,0,0,0,0,100000
0.074109959,0.093945187,0.372217301,-0.096722933,-0.815305055,-0.285504061,-0.803135817,0,0,0,1,0,1,0,0,0,0,1,0,0,0,0,0,0,0,0,0,0,1,0,0,0,0,0,0,0,0,179900
3.131951317,-0.324474218,0.372217301,-1.98829291,0.632216689,-0.285504061,0.345591069,1,0,0,0,0,1,0,0,0,0,0,1,0,0,0,0,0,0,0,0,0,0,0,1,0,0,0,0,0,0,133900
-0.866764305,0.132811701,-0.524174055,1.077354983,0.969971762,-0.285504061,1.471615843,0,0,0,1,0,0,1,0,0,0,1,0,0,0,0,0,0,0,0,0,0,0,0,0,0,0,0,1,0,0,240000
-0.631545739,-0.436052726,1.268608656,-1.62954688,-1.683818102,-0.285504061,-1.011995251,0,0,0,0,1,0,0,0,0,1,1,0,0,0,0,0,0,0,0,0,0,0,0,0,0,0,0,0,1,0,89000
-0.866764305,-0.002849169,0.372217301,-0.325015862,-1.153060129,-0.285504061,-0.026723574,0,0,0,1,0,0,0,0,0,1,1,0,0,0,0,0,0,0,0,0,0,0,0,0,0,0,0,0,1,0,136500
-0.866764305,0.261312949,1.268608656,-0.357629137,-0.477549982,6.543466377,1.226433029,0,0,0,1,0,0,0,0,0,1,1,0,0,0,0,0,0,0,1,0,0,0,0,0,0,0,0,0,0,0,235000
-0.866764305,-0.243393836,-0.524174055,0.751222229,0.487464514,-0.285504061,-0.162936248,0,0,0,1,0,0,0,0,0,1,1,0,0,0,0,0,0,0,0,0,0,0,0,0,0,0,0,1,0,0,138000
-0.866764305,-0.090438298,0.372217301,-0.683761892,0.535715239,6.220987218,0.036842341,0,0,0,1,0,0,0,0,0,1,1,0,0,0,0,0,0,0,0,0,0,0,0,1,0,0,0,0,0,0,142125
0.074109959,0.140901143,2.165000012,-0.161949484,1.066473212,-0.285504061,-0.521629624,0,0,0,1,0,0,0,0,0,1,1,0,0,0,0,0,0,0,0,0,0,1,0,0,0,0,0,0,0,0,187500
-0.866764305,0.362198517,0.372217301,-0.357629137,0.101458716,1.099259389,0.186676282,0,0,0,1,0,0,1,0,0,0,1,0,0,0,0,0,0,0,0,0,0,0,0,0,0,0,0,0,1,0,181900
3.131951317,-0.28449192,3.061391367,-2.314425665,0.535715239,-0.285504061,-1.593169328,0,0,0,0,1,0,0,0,0,1,0,1,0,0,0,0,0,0,0,0,0,0,0,0,0,0,0,0,1,0,140000
0.544547091,-0.019306999,2.165000012,-0.422855688,-1.297812303,-0.285504061,-1.075561166,0,0,0,1,0,0,0,0,0,1,1,0,0,0,0,0,0,0,0,0,0,0,0,0,0,0,0,1,0,0,145000
-0.866764305,0.144434462,0.372217301,0.001116893,-0.670552881,-0.285504061,0.958548103,0,0,0,1,0,0,0,0,0,1,1,0,0,0,0,0,0,0,0,0,0,0,0,0,1,0,0,0,0,0,175000
1.485421355,-0.696774507,-0.524174055,1.044741708,0.921721037,-0.285504061,0.708824867,0,0,0,1,0,0,0,0,0,1,0,0,0,0,1,0,0,0,0,0,0,0,0,0,0,0,0,1,0,0,234000
-0.631545739,-0.547631235,1.268608656,-1.792613257,0.24621089,-0.285504061,0.304727267,0,0,0,0,1,0,0,0,0,1,1,0,0,0,0,0,0,0,0,0,0,0,0,1,0,0,0,0,0,0,109900
-0.866764305,-0.147808247,-0.524174055,-0.422855688,-1.297812303,0.814718954,-0.448982864,0,0,0,1,0,1,0,0,0,0,1,0,0,0,0,0,0,0,0,0,0,0,0,0,0,0,0,1,0,0,129900
-0.866764305,-0.133860934,1.268608656,-0.55330879,0.969971762,2.673716462,-0.013102306,0,0,0,1,0,1,0,0,0,0,1,0,0,0,0,0,0,0,0,0,0,0,0,0,0,0,0,0,1,0,139400
0.074109959,-0.052966515,-0.524174055,0.751222229,0.439213789,-0.285504061,0.234350718,0,0,0,1,0,0,0,0,0,1,1,0,0,0,0,0,0,0,0,0,0,0,0,0,0,0,0,1,0,0,290000
1.485421355,-0.698076256,-0.524174055,1.109968259,1.018222487,-0.285504061,0.188946494,0,0,0,1,0,0,0,0,0,1,0,0,0,0,1,0,0,0,0,0,0,0,0,0,0,0,0,1,0,0,160200
-0.866764305,0.086134692,-0.524174055,-0.292402586,-1.104809404,3.950986859,0.068625298,0,0,0,1,0,0,0,0,0,1,1,0,0,0,0,0,0,0,0,0,0,0,0,0,0,0,0,0,1,0,139000
0.309328525,-0.101317202,1.268608656,-1.98829291,0.825219588,-0.285504061,-1.811109607,0,0,0,0,1,0,0,0,0,1,1,0,0,0,0,0,0,0,0,0,0,0,0,0,0,0,0,0,1,0,132000
-0.866764305,0.112541605,-0.524174055,-0.455468963,-1.346063028,-0.285504061,0.749688669,0,0,0,1,0,1,0,0,0,0,1,0,0,0,0,0,0,0,0,0,0,1,0,0,0,0,0,0,0,0,166000
0.074109959,-0.207223803,-0.524174055,1.109968259,1.018222487,-0.285504061,-0.757731592,0,0,0,1,0,0,0,0,0,1,1,0,0,0,0,0,0,0,0,0,0,0,0,0,0,0,0,1,0,0,163990
-0.866764305,-0.063473491,1.268608656,-0.390242413,1.018222487,-0.285504061,-0.01991294,0,0,0,1,0,0,0,0,0,1,1,0,0,0,0,0,0,0,0,0,0,1,0,0,0,0,0,0,0,0,145500
3.131951317,0.019187587,1.268608656,-1.857839808,0.487464514,-0.285504061,0.858658809,0,0,1,0,0,0,0,0,0,1,0,1,0,0,0,0,0,0,0,0,0,0,0,0,0,0,0,1,0,0,200000
-0.866764305,-0.079931321,1.268608656,-0.390242413,1.018222487,1.345861099,0.002789172,0,0,0,1,0,1,0,0,0,0,1,0,0,0,0,0,0,0,0,0,0,0,0,0,0,0,0,0,1,0,162000
-0.631545739,-0.352368845,0.372217301,-1.009894646,-1.442564478,0.504886036,-0.730489058,0,0,0,0,1,0,0,0,0,1,1,0,0,0,0,0,0,0,0,0,0,0,0,0,0,0,0,1,0,0,120500
2.426295619,-0.837735356,-0.524174055,0.001116893,-0.670552881,-0.285504061,-1.218584474,0,0,0,0,1,0,0,0,0,1,0,0,0,1,0,0,0,0,0,0,0,1,0,0,0,0,0,0,0,0,88000
-0.631545739,-0.452324592,-0.524174055,-1.466480503,-1.539065927,-0.285504061,-1.048318631,0,0,0,1,0,0,0,0,0,1,1,0,0,0,0,0,0,0,0,0,0,0,0,1,0,0,0,0,0,0,79900
0.074109959,0.158474758,-0.524174055,1.044741708,0.873470313,-0.285504061,-0.487576455,0,0,0,1,0,1,0,0,0,0,1,0,0,0,0,0,0,0,0,0,0,0,0,0,0,0,0,1,0,0,225000
-0.866764305,-0.003128115,-0.524174055,1.142581534,1.066473212,-0.285504061,1.308160634,0,0,0,1,0,0,0,0,0,1,1,0,0,0,0,0,0,0,0,0,0,0,0,0,0,0,0,1,0,0,248900
-0.161108607,0.198271092,-0.524174055,1.044741708,0.873470313,-0.285504061,0.845037541,0,0,0,1,0,0,1,0,0,0,1,0,0,0,0,0,0,0,0,0,0,0,0,0,0,0,0,1,0,0,239686
-0.866764305,2.399901022,-0.524174055,-0.227176035,-1.008307954,-0.285504061,1.276377677,0,0,0,1,0,0,0,0,0,1,1,0,0,0,0,0,0,0,0,0,0,0,0,0,0,0,0,0,1,0,190000
0.309328525,0.649141247,3.061391367,-2.901464623,0.053207991,-0.285504061,-0.33093188,0,0,0,0,1,1,0,0,0,0,1,0,0,0,0,0,0,0,0,0,0,0,0,0,0,0,0,0,1,0,168000
-0.866764305,1.357199863,-0.524174055,-0.259789311,-1.056558679,-0.285504061,0.005059383,0,0,0,1,0,0,0,0,0,1,1,0,0,0,0,0,0,0,0,0,0,1,0,0,0,0,0,0,0,0,132250
-0.866764305,-0.050177053,-0.524174055,-0.422855688,-1.297812303,-0.285504061,-0.340012725,0,0,0,1,0,0,0,0,0,1,1,0,0,0,0,0,0,0,0,0,0,0,0,0,0,0,0,0,1,0,114500
0.074109959,0.331979338,-0.524174055,0.946901881,0.728718138,-0.285504061,0.188946494,0,0,0,1,0,0,0,1,0,0,1,0,0,0,0,0,0,0,0,0,0,0,0,0,0,0,0,1,0,0,250000
0.779765657,0.075348769,0.372217301,0.16418327,-0.429299257,-0.285504061,1.403509506,0,0,0,1,0,1,0,0,0,0,0,0,1,0,0,0,0,0,0,0,0,0,0,0,0,0,0,1,0,0,136905
-0.161108607,0.317102203,3.061391367,-1.172961024,0.583965964,-0.285504061,-0.757731592,0,0,0,1,0,0,0,0,0,1,1,0,0,0,0,0,0,0,0,0,0,0,0,0,0,0,1,0,0,0,381000
-0.161108607,-0.482543772,1.268608656,-1.368640676,0.776968863,4.090095516,-0.308229767,0,0,0,0,1,1,0,0,0,0,1,0,0,0,0,0,0,0,0,0,0,0,0,0,0,0,0,0,1,0,130000
0.309328525,-0.078815536,0.372217301,-1.62954688,0.632216689,-0.285504061,-1.021076096,0,0,0,1,0,0,0,0,0,1,1,0,0,0,0,0,0,0,0,0,0,0,0,1,0,0,0,0,0,0,189000
2.426295619,-0.773763678,0.372217301,-0.031496382,-0.718803606,-0.285504061,-0.673733777,0,0,0,0,1,0,0,0,0,1,0,0,0,0,1,0,0,0,0,0,0,1,0,0,0,0,0,0,0,0,125000
1.485421355,-0.62926951,-0.524174055,1.142581534,1.066473212,-0.285504061,0.445480364,0,0,0,1,0,0,0,0,0,1,0,0,0,0,1,0,0,0,0,0,0,0,0,0,0,0,0,0,0,1,172500
-0.866764305,0.117841584,-0.524174055,1.142581534,1.018222487,-0.285504061,1.162867115,0,0,0,1,0,0,0,0,0,1,1,0,0,0,0,0,0,0,0,0,0,0,0,0,0,0,0,1,0,0,232000
-0.866764305,0.481680503,-0.524174055,-0.064109658,-0.76705433,4.716084473,0.077706143,0,0,0,1,0,1,0,0,0,0,1,0,0,0,0,0,0,0,0,0,0,0,0,0,0,0,0,1,0,0,138800
2.426295619,-0.837735356,-0.524174055,0.066343444,-0.574051431,-0.285504061,-1.313933346,0,0,0,0,1,0,0,0,0,1,0,0,0,1,0,0,0,0,0,0,0,1,0,0,0,0,0,0,0,0,100000
2.426295619,-0.681246498,-0.524174055,1.077354983,0.921721037,-0.285504061,-0.194719205,0,0,0,0,1,0,0,0,0,1,0,0,0,0,1,0,0,0,0,0,0,0,0,0,0,0,0,1,0,0,130000
0.426937808,0.715623442,3.061391367,-2.966691174,0.825219588,-0.285504061,0.926765146,0,0,0,0,1,0,0,0,0,1,1,0,0,0,0,0,0,0,0,0,1,0,0,0,0,0,0,0,0,0,295000
-0.161108607,0.134299414,1.268608656,0.555542576,0.969971762,-0.285504061,-1.141397292,0,0,0,1,0,0,0,0,0,1,1,0,0,0,0,0,0,0,0,0,0,0,0,0,0,0,0,0,1,0,164000
-0.866764305,19.01998472,-0.524174055,-0.19456276,-0.96005723,4.899454975,2.43872583,0,0,0,1,0,0,0,0,0,1,1,0,0,0,0,0,0,0,1,0,0,0,0,0,0,0,0,0,0,0,375000
-0.161108607,-0.413737025,-1.42056541,-1.140347748,-1.683818102,-0.285504061,-0.376336105,0,0,0,0,1,0,0,0,0,1,1,0,0,0,0,0,0,0,0,0,0,0,0,1,0,0,0,0,0,0,115000
0.544547091,-0.017633321,1.268608656,0.001116893,0.969971762,-0.285504061,-1.565926793,0,0,0,1,0,0,0,1,0,0,1,0,0,0,0,0,0,0,0,0,0,0,0,1,0,0,0,0,0,0,139000
0.074109959,0.295623341,0.372217301,0.849062055,0.583965964,-0.285504061,-0.607897651,0,0,0,1,0,1,0,0,0,0,1,0,0,0,0,0,0,0,0,0,0,0,0,0,0,0,0,1,0,0,177000
-0.866764305,-0.310526905,1.268608656,-0.651148616,-1.635567377,-0.285504061,-0.249204275,0,0,0,1,0,1,0,0,0,0,1,0,0,0,0,0,0,0,0,0,0,1,0,0,0,0,0,0,0,0,139000
-0.866764305,1.023301178,3.061391367,0.555542576,1.066473212,-0.285504061,-0.412659484,0,0,0,1,0,1,0,0,0,0,1,0,0,0,0,0,0,0,0,0,0,0,0,0,0,0,0,0,1,0,222000
-0.866764305,-0.063752438,0.372217301,-0.227176035,-1.008307954,1.895972607,1.031194863,0,0,0,1,0,0,0,0,0,1,1,0,0,0,0,0,0,0,0,0,0,1,0,0,0,0,0,0,0,0,167000
-0.866764305,0.129743292,-0.524174055,1.17519481,1.066473212,-0.285504061,1.526100913,0,0,0,1,0,0,0,0,0,1,1,0,0,0,0,0,0,0,0,0,0,0,0,0,0,0,0,1,0,0,318000
1.485421355,-0.359807413,-0.524174055,0.457702749,0.004957266,6.796391208,0.967628948,0,0,0,1,0,1,0,0,0,0,0,0,0,0,1,0,0,0,0,0,0,1,0,0,0,0,0,0,0,0,212000
2.426295619,-0.783061887,-0.524174055,1.044741708,0.921721037,-0.285504061,-0.676003988,0,0,0,1,0,0,0,0,0,1,0,0,0,1,0,0,0,0,0,0,0,0,0,0,0,0,0,1,0,0,173000
-0.161108607,-0.034370097,1.268608656,-2.118746012,0.487464514,-0.285504061,-0.694165678,0,0,0,0,1,0,0,0,0,1,1,0,0,0,0,0,0,0,0,0,0,0,0,1,0,0,0,0,0,0,135000
0.074109959,-0.238465785,-0.524174055,1.142581534,1.066473212,-0.285504061,0.068625298,0,1,0,0,0,0,0,0,0,1,1,0,0,0,0,0,0,0,0,0,1,0,0,0,0,0,0,0,0,0,241000
1.485421355,-0.362410911,-0.524174055,1.109968259,1.018222487,-0.285504061,0.6952036,0,0,0,1,0,0,0,0,0,1,0,0,0,0,1,0,0,0,0,0,0,0,0,0,0,0,0,1,0,0,202665
0.074109959,0.517850536,-0.524174055,1.142581534,1.018222487,-0.285504061,0.425048462,0,0,0,1,0,1,0,0,0,0,1,0,0,0,0,0,0,0,0,0,0,0,0,0,0,0,0,1,0,0,342643
-0.866764305,-0.291000666,0.372217301,-0.422855688,-0.96005723,-0.285504061,-0.07439801,0,0,0,1,0,0,0,0,0,1,1,0,0,0,0,0,0,0,1,0,0,0,0,0,0,0,0,0,0,0,139000
0.074109959,0.565364384,-0.524174055,0.88167533,0.632216689,-0.285504061,0.302457056,0,0,0,1,0,0,1,0,0,0,1,0,0,0,0,0,0,0,0,0,0,0,0,0,0,0,0,1,0,0,221000
0.074109959,0.253688418,-0.524174055,1.077354983,0.969971762,-0.285504061,0.125380579,0,0,0,1,0,0,0,0,0,1,1,0,0,0,0,0,0,0,0,0,0,0,0,0,0,0,0,1,0,0,309000
0.074109959,-0.261711308,-0.524174055,1.044741708,0.873470313,-0.285504061,-0.632869974,0,0,0,1,0,0,0,0,0,1,1,0,0,0,0,0,0,0,0,0,0,0,0,0,0,0,0,1,0,0,180000
-0.866764305,-0.200901021,-0.524174055,0.979515157,0.776968863,-0.285504061,0.890441766,0,0,0,1,0,0,0,0,0,1,1,0,0,0,0,0,0,0,0,0,0,0,0,0,0,0,0,1,0,0,189000
-0.866764305,-0.328844377,-0.524174055,0.653382402,0.294461615,-0.285504061,0.490884588,0,0,0,1,0,0,0,0,0,1,1,0,0,0,0,0,0,0,0,0,0,1,0,0,0,0,0,0,0,0,179200
0.309328525,0.454343768,1.268608656,-1.825226533,-0.429299257,-0.285504061,-0.503467934,0,0,0,1,0,0,0,0,0,1,1,0,0,0,0,0,0,0,0,0,0,0,0,0,0,0,0,0,1,0,177000
0.074109959,-0.207130821,-0.524174055,0.751222229,0.439213789,-0.285504061,-0.303689345,0,0,0,1,0,0,0,0,0,1,1,0,0,0,0,0,0,0,0,0,0,1,0,0,0,0,0,0,0,0,201000
-0.866764305,0.19018165,-0.524174055,0.033730168,-0.622302156,-0.285504061,-0.448982864,0,0,0,1,0,0,0,1,0,0,1,0,0,0,0,0,0,0,0,0,0,0,0,1,0,0,0,0,0,0,111250
2.426295619,-0.781946102,-0.524174055,0.914288606,0.680467413,-0.285504061,-0.721408213,0,1,0,0,0,0,0,0,0,1,0,0,0,1,0,0,0,0,0,0,0,0,0,1,0,0,0,0,0,0,179400
3.131951317,0.270611158,-0.524174055,-2.314425665,-1.683818102,-0.285504061,-0.907565534,0,0,0,0,1,0,0,0,0,1,0,1,0,0,0,0,0,0,0,0,0,0,0,0,0,0,0,0,1,0,90000
-0.866764305,-0.02693153,-0.524174055,0.555542576,0.149709441,-0.285504061,1.77809436,0,0,0,1,0,0,0,0,0,1,1,0,0,0,0,0,0,0,0,0,0,0,0,0,0,0,0,0,1,0,241500
-0.866764305,0.36098975,-0.524174055,1.077354983,0.921721037,-0.285504061,1.06297782,0,0,0,1,0,1,0,0,0,0,1,0,0,0,0,0,0,0,0,0,0,0,0,0,0,0,0,1,0,0,259000
0.426937808,-0.408158099,0.372217301,-1.857839808,0.776968863,-0.285504061,-0.725948635,0,0,0,0,1,0,0,0,0,1,1,0,0,0,0,0,0,0,0,0,0,0,0,0,0,0,0,0,1,0,128000
2.896732751,-0.852054598,2.165000012,-0.031496382,0.825219588,-0.285504061,-0.980212294,0,0,0,0,1,0,0,0,0,1,0,0,0,1,0,0,0,0,0,0,1,0,0,0,0,0,0,0,0,0,86000
-0.631545739,0.060471635,-0.524174055,-1.564320329,-1.683818102,-0.285504061,0.313808112,0,0,0,0,1,1,0,0,0,0,1,0,0,0,0,0,0,0,0,0,0,0,0,0,0,0,0,0,1,0,125000
0.074109959,0.142946749,1.268608656,0.196796546,0.487464514,-0.285504061,0.608935573,0,0,0,1,0,1,0,0,0,0,1,0,0,0,0,0,0,0,0,0,0,1,0,0,0,0,0,0,0,0,272000
0.544547091,0.130673113,0.372217301,-0.227176035,-1.008307954,-0.285504061,0.148082691,0,0,0,1,0,1,0,0,0,0,1,0,0,0,0,0,0,0,0,0,0,0,0,1,0,0,0,0,0,0,158000
-0.866764305,-0.064124366,0.372217301,-0.292402586,-1.104809404,-0.285504061,0.123110368,0,0,0,1,0,1,0,0,0,0,1,0,0,0,0,0,0,0,0,0,0,0,0,0,0,0,0,0,1,0,160000
2.426295619,-0.523269927,-0.524174055,0.425089474,-0.043293459,0.86530392,0.291105999,0,0,0,1,0,0,1,0,0,0,0,0,0,0,1,0,0,0,0,0,0,1,0,0,0,0,0,0,0,0,207500
0.779765657,-0.340095209,-0.524174055,0.262023097,-0.284547083,-0.285504061,-0.269636176,0,0,0,1,0,1,0,0,0,0,0,0,1,0,0,0,0,0,0,0,0,0,0,1,0,0,0,0,0,0,135960
-0.161108607,-0.420152789,0.372217301,-1.499093778,0.24621089,-0.285504061,-0.194719205,0,0,0,1,0,0,0,0,0,1,1,0,0,0,0,0,0,0,0,0,0,0,0,0,0,0,0,0,0,1,137450
0.779765657,0.009424467,-0.524174055,-0.129336209,-0.86355578,-0.285504061,-2.410445374,0,0,0,1,0,0,0,0,0,1,0,0,1,0,0,0,0,0,0,0,0,0,0,1,0,0,0,0,0,0,90000
-0.27871789,-0.585939856,1.268608656,-1.336027401,-1.683818102,-0.285504061,-0.884863422,0,0,0,0,1,0,0,0,0,1,1,0,0,0,0,0,0,0,0,0,0,0,0,0,0,0,0,0,0,1,87000
0.074109959,-0.073422575,-0.524174055,-0.096722933,-0.815305055,-0.285504061,-0.521629624,0,0,0,1,0,0,0,0,0,1,1,0,0,0,0,0,0,0,0,0,0,0,0,1,0,0,0,0,0,0,176000
0.662156374,0.133183629,3.061391367,-0.325015862,1.066473212,-0.285504061,-0.267365965,0,0,0,1,0,1,0,0,0,0,1,0,0,0,0,0,0,0,0,0,1,0,0,0,0,0,0,0,0,0,178400
1.485421355,-0.535729527,0.372217301,0.16418327,-0.429299257,-0.285504061,-0.235583008,0,0,0,1,0,0,0,0,0,1,0,0,0,0,1,0,0,0,0,0,0,0,0,0,1,0,0,0,0,0,143750
0.309328525,-0.011124575,2.165000012,-1.27080085,0.439213789,-0.285504061,-0.473955188,0,0,0,1,0,0,0,0,0,1,1,0,0,0,0,0,0,0,1,0,0,0,0,0,0,0,0,0,0,0,315000
-0.631545739,-0.182118638,-0.524174055,-1.662160155,-1.683818102,-0.285504061,-0.333202091,0,0,0,1,0,0,0,0,0,1,1,0,0,0,0,0,0,0,0,0,0,0,0,0,0,0,1,0,0,0,144000
0.074109959,-0.086440068,2.165000012,-0.227176035,0.390963065,0.45430107,-0.544331736,0,0,0,1,0,0,0,0,0,1,1,0,0,0,0,0,0,0,0,0,0,0,0,0,0,0,0,0,1,0,187000
-0.866764305,0.002915721,0.372217301,-0.390242413,-1.249561578,-0.285504061,0.431859096,0,0,0,1,0,0,0,0,0,1,1,0,0,0,0,0,0,0,0,0,0,1,0,0,0,0,0,0,0,0,142000
-0.161108607,-0.413737025,-0.524174055,-0.781601718,-1.683818102,-0.285504061,-2.410445374,0,0,0,0,1,0,0,0,0,1,1,0,0,0,0,1,0,0,0,0,0,0,0,0,0,0,0,0,0,0,80500
-0.866764305,0.164983504,-0.524174055,0.81644878,0.535715239,-0.285504061,-0.049425686,0,0,0,1,0,1,0,0,0,0,1,0,0,0,0,0,0,0,0,0,0,0,0,0,0,0,0,1,0,0,152000
2.426295619,-0.797102182,-0.524174055,0.946901881,0.728718138,-0.285504061,-0.694165678,0,1,0,0,0,0,0,0,0,1,0,0,0,1,0,0,0,0,0,0,0,0,0,1,0,0,0,0,0,0,177000
0.074109959,0.514782127,-0.524174055,0.88167533,0.680467413,-0.285504061,-0.076668221,0,0,0,1,0,0,0,0,0,1,1,0,0,0,0,0,0,0,0,0,0,0,0,0,0,0,0,1,0,0,267000
-0.866764305,0.186183421,-0.524174055,0.685995678,0.390963065,-0.285504061,4.854230587,0,0,0,1,0,0,0,0,0,1,1,0,0,0,0,0,0,0,1,0,0,0,0,0,0,0,0,0,0,0,430000
0.544547091,-0.102525969,-0.524174055,1.109968259,0.969971762,-0.285504061,-0.467144554,0,0,0,1,0,0,0,0,0,1,1,0,0,0,0,0,0,0,0,0,0,0,0,0,0,0,0,1,0,0,190000
-0.161108607,-0.018005249,0.372217301,-0.716375167,-1.683818102,-0.285504061,-0.049425686,0,0,0,1,0,0,0,0,0,1,1,0,0,0,0,0,0,0,0,0,0,0,0,0,0,0,0,0,1,0,143000
-0.866764305,-0.051106873,0.372217301,0.131569995,-0.477549982,-0.285504061,-0.013102306,0,0,0,1,0,0,0,0,0,1,1,0,0,0,0,0,0,0,0,0,0,1,0,0,0,0,0,0,0,0,153500
0.074109959,-0.044784091,-0.524174055,0.81644878,0.583965964,-0.285504061,0.459101631,0,0,0,1,0,0,0,0,0,1,1,0,0,0,0,0,0,0,0,0,0,0,0,0,0,0,0,1,0,0,265000
-0.27871789,-0.101317202,1.268608656,-0.716375167,0.873470313,-0.285504061,-0.492116878,0,0,0,1,0,0,0,0,0,1,1,0,0,0,0,0,0,0,0,0,0,0,0,1,0,0,0,0,0,0,135000
-0.866764305,0.226444666,-0.524174055,0.849062055,0.632216689,-0.285504061,0.944926836,0,0,0,1,0,0,0,0,0,1,1,0,0,0,0,0,0,0,0,0,0,0,0,0,0,0,0,1,0,0,208900
0.074109959,0.12211876,-0.524174055,1.24042136,1.211225386,-0.285504061,-0.653301876,0,0,0,1,0,1,0,0,0,0,1,0,0,0,0,0,0,0,0,0,0,0,0,0,0,0,0,1,0,0,269500
-0.866764305,0.051266408,1.268608656,-0.031496382,-0.718803606,-0.285504061,-0.131153291,0,0,0,1,0,0,1,0,0,0,1,0,0,0,0,0,0,0,0,0,0,0,0,0,0,0,0,0,1,0,149000
-0.161108607,-0.288676114,-2.316956766,-0.748988443,-1.683818102,-0.285504061,-0.571574271,0,0,0,1,0,0,0,0,0,1,1,0,0,0,0,0,0,0,0,0,0,0,0,1,0,0,0,0,0,0,91500
-0.161108607,-0.181560746,1.268608656,-1.564320329,-1.683818102,-0.285504061,0.007329595,0,0,0,1,0,0,0,0,0,1,1,0,0,0,0,0,0,0,1,0,0,0,0,0,0,0,0,0,0,0,210000
-0.161108607,0.633520256,-0.524174055,-0.748988443,-1.683818102,-0.285504061,-0.340012725,0,0,0,1,0,0,0,0,0,1,1,0,0,0,0,0,0,0,0,0,0,0,0,0,0,0,0,1,0,0,97500
1.485421355,-0.575525862,-0.524174055,0.914288606,0.680467413,-0.285504061,0.368293181,0,0,0,0,1,0,0,1,0,0,0,0,0,0,1,0,0,0,0,0,0,0,0,0,0,0,0,1,0,0,165000
1.485421355,-0.71379023,-0.524174055,1.109968259,0.969971762,-0.285504061,0.681582332,0,0,0,1,0,0,0,0,0,1,0,0,0,0,1,0,0,0,0,0,0,0,0,0,0,0,0,1,0,0,213490
-0.866764305,-0.000896545,-2.316956766,-0.651148616,-1.635567377,-0.285504061,2.43872583,0,0,0,1,0,0,0,0,0,1,1,0,0,0,0,0,0,0,0,0,0,0,0,0,0,0,0,0,1,0,137900
2.426295619,-0.754795331,-0.524174055,0.914288606,0.680467413,-0.285504061,-0.830378352,0,1,0,0,0,0,0,1,0,0,0,0,0,1,0,0,0,0,0,0,0,0,0,1,0,0,0,0,0,0,155000
-0.866764305,0.06605056,-0.524174055,0.979515157,0.825219588,-0.285504061,3.567020816,0,0,0,1,0,0,0,0,0,1,1,0,0,0,0,0,0,0,0,0,0,0,0,0,0,0,0,1,0,0,466500
-0.866764305,-0.100201417,-0.524174055,1.207808085,1.162974661,-0.285504061,0.922224724,0,0,0,1,0,0,0,0,0,1,1,0,0,0,0,0,0,0,0,0,0,0,0,0,0,0,0,1,0,0,244600
-0.866764305,-0.280121761,-0.524174055,-0.585922065,-1.539065927,-0.285504061,-0.655572087,0,0,0,1,0,0,0,0,0,1,1,0,0,0,0,0,0,0,0,0,0,0,0,0,0,0,0,1,0,0,110000
2.426295619,-0.837735356,-0.524174055,0.001116893,-0.670552881,-0.285504061,-0.980212294,0,0,0,0,1,0,0,0,0,1,0,0,0,1,0,0,0,0,0,0,0,1,0,0,0,0,0,0,0,0,112000
-0.866764305,-0.324474218,1.268608656,-0.651148616,0.728718138,2.787532636,-0.36725526,0,0,0,1,0,1,0,0,0,0,1,0,0,0,0,0,0,0,0,0,0,0,0,0,0,0,0,0,1,0,134800
-0.27871789,-0.436052726,1.268608656,-1.466480503,0.921721037,-0.285504061,-0.403578639,0,0,0,0,1,0,0,0,0,1,1,0,0,0,0,0,0,0,0,0,0,0,0,0,0,0,0,0,1,0,119000
-0.866764305,0.529194351,-0.524174055,-0.064109658,-0.76705433,-0.285504061,1.775824149,0,0,0,1,0,0,0,0,0,1,1,0,0,0,0,0,0,0,0,0,0,0,0,0,1,0,0,0,0,0,223000
1.485421355,-0.698076256,-0.524174055,1.109968259,1.018222487,-0.285504061,0.706554656,0,0,0,1,0,0,0,0,0,1,0,0,0,0,1,0,0,0,0,0,0,0,0,0,0,0,0,1,0,0,192500
-0.866764305,-0.200622074,0.372217301,-0.55330879,0.24621089,-0.285504061,0.534018602,0,0,0,1,0,0,0,0,0,1,1,0,0,0,0,0,0,0,0,0,0,0,0,0,0,0,0,0,1,0,153000
-0.161108607,-0.2124308,-2.316956766,-0.846828269,-1.683818102,-0.285504061,-2.410445374,0,0,0,1,0,0,0,0,0,1,1,0,0,0,0,0,0,0,0,0,0,0,0,0,0,0,0,0,0,1,98000
-0.866764305,0.278049726,-0.524174055,-0.520695514,-1.442564478,-0.285504061,-2.410445374,0,0,0,1,0,0,1,0,0,0,1,0,0,0,0,0,0,0,1,0,0,0,0,0,0,0,0,0,0,0,139600
0.074109959,-0.130048668,-0.524174055,0.718608953,0.390963065,-0.285504061,-0.521629624,0,0,0,1,0,1,0,0,0,0,1,0,0,0,0,0,0,0,0,0,0,1,0,0,0,0,0,0,0,0,187000
0.544547091,0.130208202,1.268608656,0.425089474,0.873470313,-0.285504061,-1.082371799,0,0,0,1,0,0,0,0,0,1,1,0,0,0,0,0,0,0,0,0,0,0,0,0,0,0,0,1,0,0,178000
-0.866764305,0.623943101,-0.524174055,0.196796546,-0.381048532,-0.285504061,0.14581248,0,0,0,1,0,0,0,0,0,1,1,0,0,0,0,0,0,0,1,0,0,0,0,0,0,0,0,0,0,0,160000
2.426295619,-0.519271697,-0.524174055,1.077354983,0.921721037,-0.285504061,-1.159558982,0,1,0,0,0,0,0,1,0,0,0,0,0,0,1,0,0,0,0,0,0,0,0,1,0,0,0,0,0,0,148800
-0.161108607,-0.29118663,0.372217301,-1.401253952,-1.683818102,-0.285504061,-0.376336105,0,0,0,1,0,0,0,0,0,1,1,0,0,0,0,0,0,0,1,0,0,0,0,0,0,0,0,0,0,0,177000
1.485421355,-0.623690584,-0.524174055,1.142581534,1.018222487,-0.285504061,1.040275708,0,0,0,1,0,0,0,0,0,1,0,0,0,0,1,0,0,0,0,0,0,0,0,0,0,0,0,1,0,0,264561
-0.866764305,-0.101317202,0.372217301,-0.488082239,-1.394313753,-0.285504061,-0.026723574,0,0,0,1,0,0,0,0,0,1,1,0,0,0,0,0,0,0,0,0,0,0,0,1,0,0,0,0,0,0,128900
-0.866764305,0.115517032,-0.524174055,1.17519481,1.114723937,-0.285504061,1.176488382,0,0,0,1,0,0,0,1,0,0,1,0,0,0,0,0,0,0,0,0,0,0,0,0,0,0,0,1,0,0,235128
-0.866764305,-0.190580009,-0.524174055,1.24042136,1.162974661,-0.285504061,0.540829236,0,1,0,0,0,0,0,0,0,1,1,0,0,0,0,0,0,0,0,0,1,0,0,0,0,0,0,0,0,0,229456
-0.161108607,-0.023212246,1.268608656,-1.662160155,-1.683818102,-0.285504061,1.017573596,0,0,0,0,1,1,0,0,0,0,1,0,0,0,0,0,0,0,1,0,0,0,0,0,0,0,0,0,0,0,256000
0.074109959,0.196039522,-0.524174055,0.849062055,0.583965964,-0.285504061,-1.011995251,0,0,0,1,0,0,0,0,0,1,1,0,0,0,0,0,0,0,0,0,0,0,0,0,0,0,0,1,0,0,200000
-0.866764305,0.040015575,0.372217301,0.425089474,-0.043293459,-0.285504061,0.386454871,0,0,0,1,0,0,1,0,0,0,1,0,0,0,0,0,0,0,0,0,0,0,0,0,1,0,0,0,0,0,162500
2.426295619,-0.87306855,0.372217301,0.294636372,-0.236296358,-0.285504061,-1.136856869,0,0,0,0,1,0,0,0,0,1,0,0,0,0,1,0,0,0,0,0,0,0,0,1,0,0,0,0,0,0,124000
3.131951317,-0.006940381,-0.524174055,-2.314425665,-0.718803606,-0.285504061,-0.190178783,0,0,0,1,0,1,0,0,0,0,0,1,0,0,0,0,0,0,0,0,0,1,0,0,0,0,0,0,0,0,95000
-0.866764305,-0.436052726,-1.42056541,-0.585922065,-1.539065927,-0.285504061,-0.285527655,0,0,0,0,1,0,0,0,0,1,0,1,0,0,0,0,0,0,0,0,0,0,0,1,0,0,0,0,0,0,93000
0.074109959,0.158381776,-0.524174055,1.077354983,0.969971762,-0.285504061,-0.487576455,0,0,0,1,0,0,0,1,0,0,1,0,0,0,0,0,0,0,0,0,0,0,0,0,0,0,0,1,0,0,195000
0.074109959,-0.172541483,-0.524174055,1.077354983,0.969971762,-0.285504061,0.908603456,0,0,0,1,0,0,0,0,0,1,1,0,0,0,0,0,0,0,0,0,0,0,0,0,0,0,0,1,0,0,350000
0.779765657,-0.410947562,0.372217301,-0.716375167,-1.683818102,-0.285504061,-0.137963925,0,0,1,0,0,0,0,0,0,1,0,0,1,0,0,0,0,0,0,0,0,0,0,1,0,0,0,0,0,0,145000
0.074109959,0.382468613,-0.524174055,0.001116893,-0.670552881,-0.285504061,-0.537521102,0,0,0,1,0,0,1,0,0,0,1,0,0,0,0,0,0,0,0,0,0,1,0,0,0,0,0,0,0,0,190000
0.074109959,0.256663845,-0.524174055,1.012128432,0.825219588,-0.285504061,-0.33093188,0,0,0,1,0,1,0,0,0,0,1,0,0,0,0,0,0,0,0,0,0,0,0,0,0,0,0,1,0,0,200000
-0.866764305,-0.101317202,0.372217301,-0.390242413,-1.249561578,-0.285504061,-0.047155475,0,0,0,1,0,1,0,0,0,0,1,0,0,0,0,0,0,0,0,0,0,0,0,1,0,0,0,0,0,0,124500
-0.631545739,-0.41931595,-0.524174055,-1.466480503,-1.683818102,-0.285504061,-0.231042585,0,0,0,0,1,1,0,0,0,0,1,0,0,0,0,0,0,0,0,0,0,0,0,0,0,0,0,0,1,0,102000
1.485421355,-0.702353433,-0.524174055,1.044741708,0.873470313,-0.285504061,0.779201416,0,0,0,1,0,1,0,0,0,0,0,0,0,0,1,0,0,0,0,0,0,0,0,0,0,0,0,1,0,0,171750
-0.866764305,-0.026745566,-0.524174055,1.24042136,1.162974661,-0.285504061,0.372833604,0,0,0,1,0,1,0,0,0,0,1,0,0,0,0,0,0,0,0,0,0,0,0,0,0,0,0,1,0,0,198900
-0.631545739,-0.039298148,1.268608656,-1.727386706,0.728718138,3.546307129,-0.557953004,0,0,0,1,0,0,0,0,0,1,1,0,0,0,0,0,0,0,0,0,0,0,0,0,0,0,1,0,0,0,130000
-0.631545739,-0.230376343,-2.316956766,-1.857839808,-1.683818102,-0.285504061,-0.448982864,0,0,0,1,0,0,0,0,0,1,1,0,0,0,0,0,0,0,0,0,0,0,0,0,0,0,1,0,0,0,58500
-0.866764305,-0.157106456,-2.316956766,-0.390242413,-1.249561578,-0.285504061,-0.126612868,0,0,0,1,0,0,0,0,0,1,1,0,0,0,0,0,0,0,0,0,0,0,0,0,0,0,0,0,1,0,80000
-0.866764305,3.680357385,-0.524174055,0.327249648,0.101458716,-0.285504061,1.771283726,0,0,0,1,0,0,0,0,0,1,1,0,0,0,0,0,0,0,0,0,0,0,0,0,0,0,0,0,0,1,385000
-0.866764305,0.297668947,-0.524174055,1.17519481,1.114723937,-0.285504061,1.471615843,0,0,0,1,0,0,0,0,0,1,1,0,0,0,0,0,0,0,0,0,0,0,0,0,0,0,0,1,0,0,372402
0.074109959,0.130208202,-0.524174055,0.88167533,0.632216689,-0.285504061,0.179865649,0,0,0,1,0,1,0,0,0,0,1,0,0,0,0,0,0,0,0,0,0,0,0,0,0,0,0,1,0,0,258000
3.131951317,0.060471635,0.372217301,-2.803624797,-1.683818102,-0.285504061,-0.646491242,0,0,0,0,1,0,0,0,0,1,0,1,0,0,0,0,0,0,0,0,0,0,0,0,0,0,0,1,0,0,122500
-0.866764305,0.167679985,-0.524174055,-0.357629137,-1.201310854,1.649370896,0.086786988,0,0,0,1,0,0,0,0,0,1,1,0,0,0,0,0,0,0,0,0,0,0,0,0,0,0,0,0,1,0,141000
-0.866764305,0.207848248,1.268608656,-0.031496382,-0.718803606,-0.285504061,0.325159168,0,0,0,1,0,1,0,0,0,0,1,0,0,0,0,0,0,0,1,0,0,0,0,0,0,0,0,0,0,0,237500
-0.866764305,-0.163987131,-2.316956766,-0.488082239,-1.394313753,-0.285504061,-0.884863422,0,0,0,1,0,1,0,0,0,0,1,0,0,0,0,1,0,0,0,0,0,0,0,0,0,0,0,0,0,0,112000
-0.161108607,-0.424894876,-0.524174055,-1.303414125,-1.683818102,-0.285504061,-0.249204275,0,0,0,0,1,0,0,0,0,1,1,0,0,0,0,0,0,0,1,0,0,0,0,0,0,0,0,0,0,0,129900
-0.866764305,0.090597832,-0.524174055,-0.748988443,-1.683818102,-0.285504061,0.045923186,0,0,0,1,0,0,0,0,0,1,1,0,0,0,0,0,0,0,0,0,0,0,0,1,0,0,0,0,0,0,119200
-0.866764305,0.121839814,1.268608656,-0.748988443,0.969971762,3.558953371,-0.31277019,0,0,0,0,1,0,0,0,0,1,1,0,0,0,0,0,0,0,0,0,0,0,0,1,0,0,0,0,0,0,147000
1.485421355,-0.536473384,-0.524174055,0.979515157,0.776968863,-0.285504061,0.627097263,0,0,0,1,0,0,0,0,0,1,0,0,0,0,1,0,0,0,0,0,1,0,0,0,0,0,0,0,0,0,213500
0.074109959,-0.128932883,-0.524174055,0.81644878,0.583965964,-0.285504061,-0.430821174,0,0,0,1,0,1,0,0,0,0,1,0,0,0,0,0,0,0,0,0,0,0,0,0,0,0,0,1,0,0,204000
0.544547091,-0.124562725,1.268608656,-0.227176035,0.294461615,3.381905989,0.545369658,0,0,0,1,0,0,0,0,0,1,1,0,0,0,0,0,0,0,0,0,0,1,0,0,0,0,0,0,0,0,158000
-0.631545739,-0.178957247,0.372217301,-1.140347748,-1.683818102,-0.285504061,-0.251474486,0,0,0,0,1,0,0,0,0,1,1,0,0,0,0,0,0,0,0,0,0,0,0,0,0,0,0,0,1,0,106500
2.426295619,-0.812351245,-0.524174055,0.066343444,-0.574051431,-0.285504061,-1.313933346,0,0,0,0,1,0,0,0,0,1,0,0,0,1,0,0,0,0,0,0,0,1,0,0,0,0,0,0,0,0,83000
-0.866764305,-0.340839066,-0.524174055,1.109968259,1.018222487,-0.285504061,0.064084876,0,0,0,1,0,0,0,0,0,1,1,0,0,0,0,0,0,0,0,0,0,0,0,0,0,0,0,1,0,0,157000
-0.161108607,0.02867176,-0.524174055,-0.977281371,-1.201310854,2.370206665,-0.176557516,0,0,0,1,0,0,0,0,0,1,1,0,0,0,0,0,0,0,0,0,0,0,0,0,0,0,0,0,1,0,117000
2.426295619,-0.797102182,-0.524174055,0.946901881,0.728718138,-0.285504061,-0.694165678,0,1,0,0,0,0,0,0,0,1,0,0,0,0,1,0,0,0,0,0,0,0,0,1,0,0,0,0,0,0,168500
-0.161108607,-0.395605517,-0.524174055,-1.042507922,-1.683818102,-0.285504061,-0.20380005,0,0,0,1,0,0,0,0,0,1,1,0,0,0,0,0,0,0,0,0,0,0,0,1,0,0,0,0,0,0,140200
0.074109959,0.637146558,1.268608656,0.098956719,0.873470313,6.233633459,0.295646422,0,0,0,1,0,0,0,0,0,1,1,0,0,0,0,0,0,0,0,0,0,0,0,0,0,0,0,0,1,0,294000
0.544547091,-0.206293982,1.268608656,0.196796546,0.487464514,-0.285504061,-1.261718487,0,0,0,1,0,1,0,0,0,0,1,0,0,0,0,0,0,0,0,0,0,1,0,0,0,0,0,0,0,0,151000
-0.866764305,-0.031022742,0.372217301,0.131569995,-0.477549982,-0.285504061,-0.210610684,0,0,0,1,0,1,0,0,0,0,1,0,0,0,0,0,0,0,0,0,0,1,0,0,0,0,0,0,0,0,122000
2.896732751,-0.652236086,-0.524174055,1.109968259,0.969971762,-0.285504061,-1.168639827,0,0,0,0,1,0,0,0,0,1,0,0,0,0,1,0,0,0,0,0,0,0,0,0,0,0,0,1,0,0,148000
1.485421355,0.184788689,-0.524174055,1.044741708,0.921721037,-0.285504061,1.035735285,0,0,0,1,0,0,0,0,0,1,0,0,0,0,1,0,0,0,0,0,0,0,0,1,0,0,0,0,0,0,274000
-0.866764305,1.436792532,1.268608656,-0.292402586,-1.104809404,-0.285504061,0.286565577,0,0,0,1,0,0,1,0,0,0,1,0,0,0,0,0,0,0,0,0,0,1,0,0,0,0,0,0,0,0,157900
0.074109959,-0.00601056,-0.524174055,1.109968259,0.969971762,-0.285504061,-0.081208644,0,1,0,0,0,0,0,0,0,1,1,0,0,0,0,0,0,0,0,0,1,0,0,0,0,0,0,0,0,0,250000
1.485421355,-0.618018677,0.372217301,0.196796546,-0.381048532,-0.285504061,0.01641044,0,0,0,1,0,0,0,0,0,1,0,0,0,0,1,0,0,0,0,0,0,0,0,0,1,0,0,0,0,0,140000
-0.866764305,0.106776716,-0.524174055,0.979515157,0.776968863,-0.285504061,1.569234926,0,0,0,1,0,0,0,0,0,1,1,0,0,0,0,0,0,0,0,0,0,0,0,0,0,0,0,1,0,0,236500
3.131951317,0.010261306,-1.42056541,-2.314425665,-0.718803606,-0.285504061,-0.244663853,0,0,0,1,0,1,0,0,0,0,0,1,0,0,0,0,0,0,0,0,0,0,0,0,0,0,0,0,1,0,160000
-0.866764305,-0.377752956,0.372217301,-0.716375167,-1.683818102,-0.285504061,-2.410445374,0,0,0,1,0,1,0,0,0,0,1,0,0,0,0,0,0,0,0,0,0,0,0,0,0,0,0,1,0,0,72500
-0.866764305,-0.145948605,0.372217301,-0.422855688,-1.297812303,-0.285504061,0.452290997,0,0,0,1,0,0,0,0,0,1,1,0,0,0,0,0,0,0,0,0,0,0,0,1,0,0,0,0,0,0,163000
-0.631545739,-0.424894876,1.268608656,-1.303414125,0.390963065,-0.285504061,-0.787244339,0,0,0,0,1,1,0,0,0,0,1,0,0,0,0,0,0,0,0,0,0,0,0,0,0,0,0,0,1,0,105000
-0.631545739,-0.045527948,2.165000012,-1.009894646,0.583965964,-0.285504061,-0.884863422,0,0,0,1,0,0,0,0,0,1,1,0,0,0,0,0,0,0,0,0,0,0,0,0,0,0,0,0,1,0,108000
0.779765657,-0.11991362,-0.524174055,0.131569995,-0.477549982,-0.285504061,-0.265095754,0,0,0,1,0,0,1,0,0,0,0,0,1,0,0,0,0,0,0,0,0,0,0,0,0,0,0,0,0,1,127500
-0.161108607,-0.026001709,-1.42056541,-1.825226533,-1.683818102,-0.285504061,-0.884863422,0,0,0,1,0,1,0,0,0,0,1,0,0,0,0,0,0,0,0,0,0,0,0,0,0,0,0,0,1,0,105000
-0.866764305,-0.069982238,1.268608656,-0.227176035,0.680467413,-0.285504061,0.963088526,0,0,0,1,0,1,0,0,0,0,1,0,0,0,0,0,0,0,0,0,0,0,0,1,0,0,0,0,0,0,167000
0.309328525,0.120724029,1.268608656,-1.205574299,0.487464514,-0.285504061,-0.787244339,0,0,0,1,0,0,0,0,0,1,1,0,0,0,0,0,0,0,0,0,0,0,0,0,0,0,1,0,0,0,188700
0.544547091,-0.069052417,-0.524174055,0.620769127,0.294461615,-0.285504061,0.286565577,0,0,0,1,0,0,1,0,0,0,1,0,0,0,0,0,0,0,0,0,0,1,0,0,0,0,0,0,0,0,173000
0.309328525,0.121839814,1.268608656,-0.977281371,-1.683818102,-0.285504061,-0.812216662,0,0,0,1,0,0,0,0,0,1,1,0,0,0,0,0,0,0,0,0,0,0,0,1,0,0,0,0,0,0,174500
0.074109959,0.436491207,-0.524174055,1.077354983,0.969971762,-0.285504061,-0.621518918,0,0,0,1,0,0,0,0,0,1,1,0,0,0,0,0,0,0,0,0,0,0,0,0,0,0,0,1,0,0,184000
0.309328525,0.137460805,0.372217301,-1.205574299,0.632216689,-0.285504061,-0.219691529,0,0,0,1,0,0,0,0,0,1,1,0,0,0,0,0,0,0,1,0,0,0,0,0,0,0,0,0,0,0,359100
-0.866764305,-0.032975366,-0.524174055,0.914288606,0.680467413,-0.285504061,0.972169371,0,0,0,1,0,0,0,0,0,1,1,0,0,0,0,0,0,0,0,0,0,0,0,0,0,0,0,1,0,0,204000
0.074109959,-0.273334069,-0.524174055,1.044741708,0.873470313,-0.285504061,-0.912105957,0,0,0,1,0,0,0,0,0,1,1,0,0,0,0,0,0,0,0,0,0,0,0,0,0,0,0,1,0,0,162000
0.074109959,0.140715178,-0.524174055,0.88167533,0.680467413,-0.285504061,0.370563393,0,0,0,1,0,1,0,0,0,0,1,0,0,0,0,0,0,0,0,0,0,0,0,0,0,0,0,1,0,0,336000
0.426937808,1.369566481,-1.42056541,-1.727386706,0.24621089,0.877950162,0.67704191,0,0,0,1,0,1,0,0,0,0,1,0,0,0,0,0,0,0,0,0,0,0,0,0,0,0,1,0,0,0,235000
0.426937808,-0.41708438,-0.524174055,-1.923066359,-1.683818102,-0.285504061,-0.60562744,0,0,0,1,0,0,0,0,0,1,1,0,0,0,0,0,0,0,0,0,0,0,0,0,0,0,0,0,1,0,118500
0.074109959,-0.063659456,-0.524174055,0.196796546,-0.381048532,-0.285504061,0.222999662,0,0,0,1,0,0,0,0,0,1,1,0,0,0,0,0,0,0,0,0,0,0,0,0,1,0,0,0,0,0,192000
0.074109959,0.555043372,1.268608656,0.196796546,0.439213789,-0.285504061,-0.60562744,0,0,0,1,0,1,0,0,0,0,1,0,0,0,0,0,0,0,0,0,0,0,0,0,1,0,0,0,0,0,235000
0.074109959,-0.149295961,-0.524174055,0.88167533,0.632216689,-0.285504061,-0.287797866,0,0,0,1,0,0,0,0,0,1,1,0,0,0,0,0,0,0,0,0,0,0,0,0,0,0,0,1,0,0,176500
1.485421355,0.397345747,-0.524174055,0.81644878,0.535715239,-0.285504061,0.450020786,0,0,0,1,0,0,0,0,0,1,0,0,0,0,1,0,0,0,1,0,0,0,0,0,0,0,0,0,0,0,245500
-0.866764305,-0.113962766,1.268608656,-0.422855688,-1.297812303,-0.285504061,0.041382763,0,0,0,1,0,1,0,0,0,0,1,0,0,0,0,0,0,0,0,0,0,0,0,1,0,0,0,0,0,0,136000
-0.866764305,-0.144553874,-0.524174055,1.044741708,0.873470313,-0.285504061,1.408049928,0,0,0,1,0,0,0,0,0,1,1,0,0,0,0,0,0,0,0,0,0,0,0,0,0,0,0,1,0,0,200000
-0.161108607,-0.343070636,0.372217301,-1.531707054,-1.683818102,-0.285504061,-1.00972504,0,0,0,1,0,1,0,0,0,0,1,0,0,0,0,0,0,0,0,0,0,0,0,1,0,0,0,0,0,0,112000
-0.866764305,-0.101317202,1.268608656,-0.683761892,0.487464514,-0.285504061,0.011870017,0,0,0,1,0,0,0,0,0,1,1,0,0,0,0,0,0,0,0,0,0,0,0,0,0,0,0,1,0,0,128000
3.131951317,-0.143902999,2.165000012,-1.98829291,-1.683818102,-0.285504061,-0.094829911,0,0,0,0,1,0,0,0,0,1,0,1,0,0,0,1,0,0,0,0,0,0,0,0,0,0,0,0,0,0,137000
0.074109959,0.558111781,-0.524174055,0.229409821,-0.332797807,2.680039583,0.749688669,0,0,0,1,0,0,0,0,0,1,1,0,0,0,0,0,0,0,0,0,0,0,0,0,1,0,0,0,0,0,250000
0.074109959,-0.087369889,0.372217301,0.88167533,0.632216689,-0.285504061,0.104948678,0,0,0,1,0,1,0,0,0,0,1,0,0,0,0,0,0,0,0,0,0,0,0,0,0,0,0,1,0,0,274300
-0.631545739,-0.446280756,2.165000012,-1.336027401,1.066473212,-0.285504061,-0.557953004,0,0,0,0,1,1,0,0,0,0,1,0,0,0,0,0,0,0,0,0,0,0,0,0,0,0,0,0,1,0,120500
0.074109959,3.944054592,-0.524174055,0.685995678,0.34271234,-0.285504061,1.176488382,0,0,0,1,0,1,0,0,0,0,1,0,0,0,0,0,0,0,0,0,0,1,0,0,0,0,0,0,0,0,240000
1.485421355,-0.467294709,-0.524174055,0.946901881,0.728718138,-0.285504061,0.997141694,0,0,0,1,0,0,0,0,0,1,0,0,0,0,1,0,0,0,0,0,1,0,0,0,0,0,0,0,0,0,278000
-0.866764305,0.672293788,-1.42056541,-0.520695514,-0.525800706,6.575081981,1.591937039,0,0,0,1,0,0,0,0,0,1,1,0,0,0,0,0,0,0,0,0,0,0,0,0,0,0,0,0,1,0,170000
1.485421355,-0.714069176,-0.524174055,1.109968259,1.018222487,-0.285504061,0.422778251,0,0,0,1,0,0,0,0,0,1,0,0,0,0,1,0,0,0,0,0,0,0,0,0,0,0,0,1,0,0,167240
0.074109959,-0.338421532,-0.524174055,0.979515157,0.776968863,-0.285504061,-0.010832095,0,1,0,0,0,0,0,0,0,1,1,0,0,0,0,0,0,0,0,0,0,0,0,0,0,0,0,1,0,0,226000
-0.866764305,-0.101317202,2.165000012,0.16418327,-0.429299257,-0.285504061,0.454561209,0,0,0,1,0,0,0,1,0,0,1,0,0,0,0,0,0,0,0,0,0,0,0,1,0,0,0,0,0,0,181500
0.074109959,-0.067378739,-0.524174055,1.17519481,1.066473212,-0.285504061,0.459101631,0,0,0,1,0,0,0,0,0,1,1,0,0,0,0,0,0,0,0,0,0,0,0,0,0,0,0,1,0,0,383970
-0.866764305,-0.208246606,2.165000012,-0.19456276,1.162974661,0.45430107,-0.380876527,0,0,0,1,0,0,0,0,0,1,1,0,0,0,0,0,0,0,0,0,0,0,0,1,0,0,0,0,0,0,138500
3.131951317,0.010261306,1.268608656,-2.151359287,0.728718138,-0.285504061,-1.316203557,0,0,0,0,1,0,0,0,0,1,0,1,0,0,0,0,0,0,0,0,0,0,0,0,0,0,0,0,1,0,163000
-0.866764305,-0.268684964,-0.524174055,-0.19456276,-0.96005723,-0.285504061,-0.530710469,0,0,1,0,0,1,0,0,0,0,1,0,0,0,0,0,0,0,0,0,0,0,0,0,0,0,0,1,0,0,119900
0.779765657,-0.11991362,-0.524174055,0.001116893,-0.670552881,-0.285504061,-0.340012725,0,0,0,1,0,1,0,0,0,0,0,0,1,0,0,0,0,0,0,0,0,0,0,1,0,0,0,0,0,0,139000
-0.866764305,0.380423007,-0.524174055,0.979515157,0.825219588,-0.285504061,1.569234926,0,0,0,1,0,0,1,0,0,0,1,0,0,0,0,0,0,0,0,0,0,0,0,0,0,0,0,1,0,0,275000
0.779765657,0.13188188,-1.42056541,-0.520695514,-1.442564478,-0.285504061,0.858658809,0,0,0,1,0,0,0,0,0,1,0,0,1,0,0,0,0,0,0,0,0,0,0,0,0,0,0,1,0,0,118000
-0.161108607,-0.101317202,-0.524174055,-0.683761892,-1.683818102,-0.285504061,-0.067587376,0,0,0,1,0,0,0,0,0,1,1,0,0,0,0,0,0,0,0,0,0,0,0,0,0,0,0,1,0,0,119000
-0.866764305,0.335977568,-0.524174055,0.751222229,0.439213789,-0.285504061,2.098194145,0,0,0,1,0,1,0,0,0,0,1,0,0,0,0,0,0,0,0,0,0,1,0,0,0,0,0,0,0,0,301500
0.662156374,-0.063008581,-0.524174055,0.033730168,-0.622302156,0.852657679,0.173055015,0,0,0,1,0,0,0,0,0,1,1,0,0,0,0,0,0,0,0,0,0,0,0,0,1,0,0,0,0,0,137500
0.074109959,-0.039856041,-0.524174055,0.946901881,0.728718138,-0.285504061,-0.285527655,0,0,0,1,0,0,0,0,0,1,1,0,0,0,0,0,0,0,0,0,0,0,0,0,0,0,0,1,0,0,186500
-0.631545739,-0.616437981,2.165000012,-1.596933605,-1.683818102,-0.285504061,-0.448982864,0,0,0,1,0,1,0,0,0,0,1,0,0,0,0,0,0,0,0,0,0,0,0,0,0,0,0,0,1,0,99900
-0.866764305,-0.185001083,0.372217301,-0.259789311,-1.056558679,-0.285504061,0.132191213,0,0,0,1,0,0,0,0,0,1,1,0,0,0,0,0,0,0,0,0,0,0,0,1,0,0,0,0,0,0,155000
0.074109959,-0.157106456,-0.524174055,1.142581534,1.018222487,-0.285504061,0.059544453,0,1,0,0,0,0,0,0,0,1,1,0,0,0,0,0,0,0,0,0,0,0,0,0,0,0,0,1,0,0,270000
0.074109959,-0.277983173,-0.524174055,-0.161949484,-0.911806505,-0.285504061,-0.694165678,0,0,0,1,0,0,0,0,0,1,1,0,0,0,0,0,0,0,0,0,0,0,0,1,0,0,0,0,0,0,155000
-0.866764305,-0.328007538,1.268608656,-0.161949484,-0.911806505,-0.285504061,-0.421740329,0,0,0,1,0,0,0,0,0,1,1,0,0,0,0,0,0,0,0,0,0,1,0,0,0,0,0,0,0,0,109900
-0.866764305,-0.175702874,1.268608656,0.196796546,1.114723937,0.625025331,-0.049425686,0,0,0,1,0,0,0,0,0,1,1,0,0,0,0,0,0,0,0,0,0,1,0,0,0,0,0,0,0,0,150500
1.485421355,-0.260130612,-0.524174055,0.262023097,-0.284547083,-0.285504061,-0.326391457,0,0,0,1,0,0,0,0,0,1,0,0,0,0,1,0,0,0,0,0,0,0,0,0,1,0,0,0,0,0,99500
0.544547091,-0.101317202,0.372217301,-0.520695514,-0.622302156,0.549147881,0.213918817,0,0,0,1,0,0,0,0,0,1,1,0,0,0,0,1,0,0,0,0,0,0,0,0,0,0,0,0,0,0,153000
-0.866764305,0.112541605,-0.524174055,0.196796546,-0.381048532,-0.285504061,0.736067402,0,0,0,1,0,0,0,0,0,1,1,0,0,0,0,0,0,0,0,0,0,0,0,0,1,0,0,0,0,0,82500
0.426937808,-0.101317202,-0.524174055,-1.759999982,-1.683818102,-0.285504061,-0.741840114,0,0,0,0,1,0,0,0,0,1,1,0,0,0,0,1,0,0,0,0,0,0,0,0,0,0,0,0,0,0,129500
0.544547091,0.836872087,1.268608656,-0.161949484,-0.911806505,-0.285504061,-0.828108141,0,0,0,1,0,0,1,0,0,0,1,0,0,0,0,0,0,0,0,0,0,0,0,0,1,0,0,0,0,0,274970
0.074109959,-0.349486401,-0.524174055,1.044741708,0.921721037,-0.285504061,-0.71686779,0,0,0,1,0,0,0,0,0,1,1,0,0,0,0,0,0,0,0,0,0,0,0,0,0,0,0,1,0,0,165400
-0.866764305,0.511992664,-0.524174055,0.88167533,0.632216689,-0.285504061,0.954007681,0,0,0,1,0,0,0,0,0,1,1,0,0,0,0,0,0,0,0,0,0,0,0,0,0,0,0,1,0,0,215000
0.074109959,-0.21289571,0.372217301,0.294636372,-0.188045633,-0.285504061,-0.934808069,0,0,0,1,0,0,0,0,0,1,1,0,0,0,0,0,0,0,0,0,0,1,0,0,0,0,0,0,0,0,171000
-0.866764305,-0.014843858,-0.524174055,0.001116893,-0.670552881,-0.064194834,-0.183368149,0,0,0,1,0,1,0,0,0,0,1,0,0,0,0,0,0,0,0,0,0,0,0,0,1,0,0,0,0,0,143250
0.309328525,-0.009078969,1.268608656,-1.564320329,0.535715239,-0.285504061,-1.043778208,0,0,0,1,0,0,0,0,0,1,1,0,0,0,0,0,0,0,0,0,0,0,0,0,0,0,0,0,1,0,165000
-0.866764305,0.386838771,-0.524174055,-0.455468963,-1.346063028,-0.285504061,0.068625298,0,0,0,1,0,0,0,0,0,1,1,0,0,0,0,0,0,0,0,0,0,0,0,0,0,0,0,0,1,0,141000
-0.161108607,-0.575525862,-0.524174055,-1.27080085,0.728718138,-0.285504061,-0.610167862,0,0,1,0,0,0,0,0,0,1,1,0,0,0,0,0,0,0,0,0,0,0,0,0,0,0,0,1,0,0,159434
0.544547091,0.101104808,0.372217301,-0.161949484,-0.911806505,3.198535487,0.232080507,0,0,0,1,0,0,0,0,0,1,1,0,0,0,0,0,0,0,0,0,0,0,0,0,0,0,0,1,0,0,164500
-0.866764305,0.062517241,-0.524174055,1.077354983,0.969971762,-0.285504061,1.757662459,0,0,0,1,0,0,0,0,0,1,1,0,0,0,0,0,0,0,0,0,0,0,0,1,0,0,0,0,0,0,280000
3.131951317,-0.052966515,-1.42056541,-1.98829291,-1.683818102,-0.285504061,-0.310499979,0,0,0,0,1,0,0,0,0,1,0,1,0,0,0,0,0,0,0,0,0,0,0,0,0,0,0,0,1,0,122000
-0.631545739,0.010261306,0.372217301,-1.662160155,-1.683818102,-0.285504061,0.132191213,0,0,0,1,0,0,0,0,0,1,1,0,0,0,0,0,0,0,0,0,0,0,0,0,0,0,1,0,0,0,120000
0.074109959,0.102034629,-0.524174055,0.81644878,0.583965964,-0.285504061,0.720175923,0,0,0,1,0,0,0,0,0,1,1,0,0,0,0,0,0,0,0,0,0,0,0,0,0,0,0,1,0,0,315750
-0.161108607,0.054427799,1.268608656,-1.27080085,-1.683818102,3.236474211,-0.471684977,0,0,0,1,0,1,0,0,0,0,1,0,0,0,0,0,0,0,0,0,0,0,0,1,0,0,0,0,0,0,220000
-0.866764305,0.363686231,-0.524174055,1.142581534,1.018222487,-0.285504061,1.762202882,0,0,0,1,0,0,0,0,0,1,1,0,0,0,0,0,0,0,0,0,0,0,0,0,0,0,0,1,0,0,315000
0.074109959,-0.123260975,1.268608656,-0.064109658,-0.76705433,-0.285504061,-0.905295323,0,0,0,1,0,1,0,0,0,0,1,0,0,0,0,0,0,0,0,0,0,1,0,0,0,0,0,0,0,0,158000
-0.866764305,-0.008985987,-0.524174055,0.81644878,0.535715239,-0.285504061,1.494317955,0,0,0,1,0,0,0,0,0,1,1,0,0,0,0,0,0,0,0,0,0,0,0,0,0,0,0,1,0,0,260400
0.074109959,-0.13413988,0.372217301,-0.292402586,-1.104809404,-0.285504061,-0.462604132,0,0,0,1,0,0,0,0,0,1,1,0,0,0,0,0,0,0,0,0,0,1,0,0,0,0,0,0,0,0,171000
-0.866764305,-0.272590212,1.268608656,-0.292402586,0.776968863,-0.285504061,-0.142504347,0,0,0,1,0,1,0,0,0,0,1,0,0,0,0,0,0,0,0,0,0,1,0,0,0,0,0,0,0,0,132500
0.074109959,-0.085975157,2.165000012,0.718608953,0.390963065,-0.285504061,-0.866701732,0,0,0,1,0,1,0,0,0,0,1,0,0,0,0,0,0,0,0,0,0,0,0,0,0,0,0,1,0,0,185000
-0.866764305,-0.340839066,-0.524174055,1.109968259,0.969971762,-0.285504061,0.159433748,0,0,0,1,0,0,0,0,0,1,1,0,0,0,0,0,0,0,0,0,0,0,0,0,0,0,0,1,0,0,176000
-0.161108607,1.031204655,1.268608656,-1.727386706,-1.683818102,-0.285504061,0.229810296,0,0,0,1,0,0,0,0,0,1,1,0,0,0,0,0,0,0,0,0,0,0,0,0,0,0,0,0,1,0,185000
1.485421355,-0.616437981,-0.524174055,0.88167533,0.680467413,-0.285504061,0.779201416,0,0,1,0,0,0,0,0,0,1,0,0,0,0,1,0,0,0,0,0,0,0,0,1,0,0,0,0,0,0,181000
-0.866764305,-0.208246606,-0.524174055,0.946901881,0.776968863,-0.285504061,0.652069586,0,0,0,1,0,0,0,0,0,1,1,0,0,0,0,0,0,0,0,0,0,0,0,0,0,0,0,1,0,0,179000
-0.866764305,-0.25650431,-0.524174055,-0.390242413,-1.249561578,-0.285504061,0.195757127,0,0,0,1,0,0,0,0,0,1,1,0,0,0,0,0,0,0,1,0,0,0,0,0,0,0,0,0,0,0,132500
0.074109959,0.045966429,-0.524174055,0.229409821,-0.332797807,2.876056327,-0.326391457,0,0,0,1,0,0,0,0,0,1,1,0,0,0,0,0,0,0,0,0,0,1,0,0,0,0,0,0,0,0,172500
2.426295619,-0.851403723,0.372217301,-0.031496382,1.114723937,-0.285504061,-1.170910038,0,0,0,0,1,0,0,0,0,1,0,0,0,1,0,0,0,0,0,0,1,0,0,0,0,0,0,0,0,0,97000
-0.866764305,0.277398851,-0.524174055,-0.292402586,-1.104809404,-0.285504061,0.177595438,0,0,0,1,0,0,1,0,0,0,1,0,0,0,0,0,0,0,0,0,0,1,0,0,0,0,0,0,0,0,143900
-0.866764305,-0.218567618,1.268608656,-0.390242413,-1.249561578,-0.285504061,-2.410445374,0,0,0,1,0,0,0,0,0,1,1,0,0,0,0,0,0,0,0,0,0,0,0,1,0,0,0,0,0,0,106500
0.074109959,0.013236733,-0.524174055,0.751222229,0.535715239,-0.285504061,-0.794054972,0,0,0,1,0,1,0,0,0,0,1,0,0,0,0,0,0,0,0,0,0,0,0,1,0,0,0,0,0,0,194500
-0.866764305,-0.380263472,-0.524174055,-0.292402586,-1.104809404,-0.285504061,-0.380876527,0,0,0,1,0,0,0,0,0,1,1,0,0,0,0,0,0,0,0,0,0,0,0,1,0,0,0,0,0,0,109500
0.074109959,-0.288211203,-0.524174055,-0.292402586,-1.104809404,-0.285504061,-0.448982864,0,0,0,1,0,0,0,0,0,1,1,0,0,0,0,0,0,0,0,0,0,0,0,0,0,0,0,1,0,0,169500
0.074109959,-0.024978906,-0.524174055,0.555542576,0.149709441,-0.285504061,-0.185638361,0,0,0,1,0,0,0,0,0,1,1,0,0,0,0,0,0,0,0,0,0,1,0,0,0,0,0,0,0,0,196500
-0.866764305,0.279444457,-0.524174055,1.044741708,0.921721037,-0.285504061,0.118569945,0,0,0,1,0,0,0,0,0,1,1,0,0,0,0,0,0,0,0,0,0,0,0,0,0,0,0,1,0,0,155000
-0.866764305,-0.078164662,0.372217301,1.17519481,1.066473212,-0.285504061,1.423941407,0,0,0,1,0,0,0,0,0,1,1,0,0,0,0,0,0,0,0,0,0,0,0,0,0,0,0,1,0,0,248328
-0.161108607,-0.111359268,-0.524174055,-0.977281371,-1.683818102,-0.026256109,-0.666923143,0,0,0,1,0,0,0,0,0,1,1,0,0,0,0,0,0,0,0,0,0,0,0,0,0,0,0,0,0,1,105000
0.544547091,0.294786502,1.268608656,0.033730168,0.487464514,-0.285504061,2.021006963,0,0,0,1,0,0,0,0,0,1,1,0,0,0,0,0,0,0,0,0,0,0,0,0,1,0,0,0,0,0,345000
0.074109959,0.111146874,-0.524174055,0.979515157,0.776968863,-0.285504061,0.538559024,0,0,0,1,0,0,0,0,0,1,1,0,0,0,0,0,0,0,0,0,0,0,0,0,0,0,0,1,0,0,261500
-0.866764305,-0.323823344,1.268608656,-0.422855688,1.114723937,-0.285504061,-0.462604132,0,0,0,1,0,0,0,0,0,1,1,0,0,0,0,0,0,0,0,0,0,0,0,0,0,0,0,0,1,0,116500
-0.866764305,-0.34678992,0.372217301,-0.031496382,-0.718803606,1.225721804,-0.448982864,0,0,0,1,0,0,0,0,0,1,1,0,0,0,0,0,0,0,0,0,0,1,0,0,0,0,0,0,0,0,120500
-0.866764305,0.051917282,-0.524174055,1.012128432,0.825219588,-0.285504061,1.280918099,0,0,0,1,0,1,0,0,0,0,1,0,0,0,0,0,0,0,0,0,0,0,0,0,0,0,0,1,0,0,285000
-0.631545739,-0.00601056,-0.524174055,-1.662160155,-1.683818102,-0.285504061,-1.370688627,0,0,0,1,0,1,0,0,0,0,1,0,0,0,0,0,0,0,0,0,0,0,0,0,0,0,0,0,1,0,83000
-0.866764305,-0.157106456,-0.524174055,-0.55330879,-1.490815202,-0.285504061,-0.285527655,0,0,0,1,0,0,0,0,0,1,1,0,0,0,0,0,0,0,0,0,0,0,0,0,0,0,0,0,1,0,118000
-0.161108607,-0.019492963,-0.524174055,-1.140347748,-1.683818102,-0.285504061,0.005059383,0,0,0,1,0,0,0,0,0,1,1,0,0,0,0,0,0,0,0,0,0,0,0,1,0,0,0,0,0,0,115000
-0.866764305,-0.141299501,1.268608656,-0.19456276,-0.96005723,0.321515533,0.345591069,0,0,0,1,0,1,0,0,0,0,1,0,0,0,0,0,0,0,0,0,0,0,0,1,0,0,0,0,0,0,140000
0.074109959,0.093945187,0.372217301,-0.096722933,-0.815305055,-0.285504061,-0.760001804,0,0,0,1,0,0,0,0,0,1,1,0,0,0,0,0,0,0,0,0,0,0,0,1,0,0,0,0,0,0,154000
1.485421355,-0.338235568,-0.524174055,1.109968259,0.969971762,-0.285504061,0.686122755,0,0,0,1,0,0,0,0,0,1,0,0,0,0,1,0,0,0,0,0,0,0,0,0,0,0,0,1,0,0,185850
0.074109959,0.215379797,-0.524174055,0.849062055,0.583965964,-0.285504061,-0.22196174,0,0,0,1,0,1,0,0,0,0,1,0,0,0,0,0,0,0,0,0,0,1,0,0,0,0,0,0,0,0,222000
0.779765657,-0.014843858,-0.524174055,0.196796546,-0.381048532,-0.285504061,-0.196989417,0,0,0,1,0,0,0,0,0,1,0,0,1,0,0,0,0,0,0,0,0,0,0,0,1,0,0,0,0,0,135000
-0.866764305,-0.199320325,-0.524174055,1.044741708,0.921721037,-0.285504061,0.134461424,0,0,0,0,1,1,0,0,0,0,1,0,0,0,0,0,0,0,0,0,0,0,0,0,0,0,0,1,0,0,140000
-0.866764305,-0.032975366,0.372217301,-0.096722933,0.390963065,-0.285504061,0.906333245,0,0,0,1,0,0,0,0,0,1,1,0,0,0,0,0,0,0,0,0,0,0,0,0,1,0,0,0,0,0,180000
-0.866764305,0.04512959,-0.524174055,1.17519481,1.066473212,-0.285504061,0.577152615,0,0,0,1,0,1,0,0,0,0,1,0,0,0,0,0,0,0,0,0,0,0,0,0,0,0,0,1,0,0,200141
-0.866764305,-0.188906331,-0.524174055,-0.19456276,-0.96005723,-0.285504061,0.059544453,0,0,0,1,0,0,0,0,0,1,1,0,0,0,0,0,0,0,0,0,0,0,0,0,0,0,0,0,1,0,160000
1.485421355,-0.453347395,-0.524174055,0.425089474,-0.043293459,-0.285504061,0.359212337,0,0,0,1,0,0,1,0,0,0,0,0,0,0,1,0,0,0,0,0,0,1,0,0,0,0,0,0,0,0,187500
-0.866764305,-0.179422158,0.372217301,-0.390242413,-1.249561578,-0.285504061,0.300186844,0,0,0,1,0,0,0,0,0,1,1,0,0,0,0,0,0,0,0,0,0,0,0,1,0,0,0,0,0,0,148000
-0.866764305,0.065492668,-3.213348121,1.273034636,1.211225386,-0.285504061,1.803066684,0,0,0,1,0,1,0,0,0,0,1,0,0,0,0,0,0,0,0,0,0,0,0,0,0,0,0,1,0,0,394432
-0.866764305,-0.080954124,-0.524174055,-0.129336209,-0.86355578,-0.285504061,-0.408119062,0,0,0,1,0,0,0,0,0,1,1,0,0,0,0,0,0,0,0,0,0,0,0,1,0,0,0,0,0,0,122000
-0.161108607,-0.235211412,0.372217301,-1.009894646,-1.683818102,-0.285504061,-0.694165678,0,0,0,1,0,0,0,0,0,1,1,0,0,0,0,0,0,0,0,0,0,0,0,1,0,0,0,0,0,0,126000
0.074109959,0.141273071,-0.524174055,0.979515157,0.825219588,-0.285504061,-0.585195538,0,0,0,1,0,0,1,0,0,0,1,0,0,0,0,0,0,0,0,0,0,0,0,0,0,0,0,1,0,0,215000
-0.866764305,-0.380263472,2.165000012,0.359862923,0.873470313,-0.285504061,-0.557953004,0,0,0,1,0,0,0,0,0,1,1,0,0,0,0,0,0,0,0,0,0,1,0,0,0,0,0,0,0,0,138000
-0.866764305,-0.182769513,-0.524174055,-0.096722933,-0.815305055,-0.285504061,-0.380876527,0,0,0,1,0,0,0,0,0,1,1,0,0,0,0,0,0,0,0,0,0,0,0,0,0,0,0,1,0,0,129000
2.426295619,-0.810398621,-0.524174055,0.066343444,-0.574051431,-0.285504061,-1.170910038,0,0,0,0,1,0,0,0,0,1,0,0,0,0,1,0,0,0,0,0,1,0,0,0,0,0,0,0,0,0,83500
-0.866764305,-0.022096461,-0.524174055,-0.585922065,-1.539065927,-0.285504061,0.073165721,0,0,0,1,0,0,0,0,0,1,1,0,0,0,0,0,0,0,0,0,0,0,0,0,0,0,0,0,1,0,155000
-0.866764305,0.318496935,1.268608656,-0.488082239,0.921721037,3.173243003,0.025491285,0,0,0,1,0,0,0,0,0,1,1,0,0,0,0,0,0,0,0,0,0,0,0,0,0,1,0,0,0,0,230000
3.131951317,0.010261306,1.268608656,-2.314425665,0.728718138,-0.285504061,-2.410445374,0,0,0,1,0,0,0,0,0,1,0,1,0,0,0,0,0,0,0,0,0,0,0,1,0,0,0,0,0,0,106250
0.074109959,-0.122238172,-0.524174055,0.849062055,0.632216689,-0.285504061,-0.010832095,0,0,0,1,0,0,0,0,0,1,1,0,0,0,0,0,0,0,0,0,0,0,0,0,0,0,0,1,0,0,219500
-0.866764305,0.021419157,-0.524174055,-0.357629137,-1.201310854,-0.285504061,0.434129307,0,0,0,1,0,1,0,0,0,0,1,0,0,0,0,0,0,0,0,0,0,0,0,1,0,0,0,0,0,0,157000
0.074109959,0.044664679,-0.524174055,0.620769127,0.294461615,-0.285504061,0.350131492,0,0,0,1,0,1,0,0,0,0,1,0,0,0,0,0,0,0,0,0,0,0,0,1,0,0,0,0,0,0,250000
-0.866764305,0.028857724,0.372217301,-0.161949484,-0.911806505,1.168813717,0.209378395,0,0,0,1,0,0,1,0,0,0,1,0,0,0,0,0,0,0,0,0,0,0,0,0,1,0,0,0,0,0,154000
0.074109959,0.454529733,-0.524174055,1.142581534,1.018222487,-0.285504061,-0.757731592,0,0,0,1,0,1,0,0,0,0,1,0,0,0,0,0,0,0,0,0,0,0,0,0,0,0,0,1,0,0,172785
0.074109959,-0.238651749,-0.524174055,0.946901881,0.728718138,-0.285504061,-0.181097938,0,0,0,1,0,0,0,0,0,1,1,0,0,0,0,0,0,0,0,0,0,0,0,0,0,0,0,1,0,0,179000
-0.161108607,-0.026001709,1.268608656,-1.792613257,0.101458716,-0.285504061,-0.912105957,0,0,0,1,0,0,0,0,0,1,1,0,0,0,0,0,0,0,0,0,0,1,0,0,0,0,0,0,0,0,135000
0.074109959,-0.117124157,-0.524174055,0.914288606,0.680467413,-0.285504061,0.431859096,0,0,0,1,0,0,0,0,0,1,1,0,0,0,0,0,0,0,0,0,0,0,0,0,0,0,0,1,0,0,337000
-0.866764305,-0.208246606,-0.524174055,1.077354983,0.921721037,-0.285504061,0.849577964,0,0,0,1,0,0,0,0,0,1,1,0,0,0,0,0,0,0,0,0,0,0,0,0,0,0,0,1,0,0,210000
0.544547091,0.05982076,-0.524174055,0.16418327,-0.429299257,-0.285504061,-0.07439801,0,0,0,1,0,1,0,0,0,0,1,0,0,0,0,0,0,0,0,0,0,1,0,0,0,0,0,0,0,0,146800
-0.161108607,0.010261306,2.165000012,-1.140347748,0.197960165,-0.285504061,-0.603357228,0,0,0,1,0,0,0,0,0,1,1,0,0,0,0,0,0,0,0,0,0,0,0,0,0,0,0,0,1,0,170000
0.662156374,0.101569719,1.268608656,-0.325015862,0.487464514,-0.285504061,0.107218889,0,0,0,1,0,0,0,0,0,1,1,0,0,0,0,0,0,0,0,0,0,1,0,0,0,0,0,0,0,0,148000
-0.866764305,-0.144553874,-0.524174055,1.012128432,0.873470313,-0.285504061,1.076599088,0,0,0,1,0,0,0,0,0,1,1,0,0,0,0,0,0,0,0,0,0,0,0,0,0,0,0,1,0,0,214000
-0.866764305,-0.071562933,0.372217301,-0.064109658,-0.76705433,-0.285504061,-0.206070262,0,0,0,1,0,0,0,0,0,1,1,0,0,0,0,0,0,0,0,0,0,1,0,0,0,0,0,0,0,0,128500
0.544547091,-0.255946418,0.372217301,0.425089474,-0.043293459,-0.285504061,-0.133423502,0,0,0,1,0,0,1,0,0,0,1,0,0,0,0,0,0,0,0,0,0,1,0,0,0,0,0,0,0,0,142500
-0.866764305,0.11096091,-0.524174055,0.81644878,0.535715239,-0.285504061,1.003952328,0,0,0,1,0,0,0,0,0,1,1,0,0,0,0,0,0,0,0,0,0,0,0,0,0,0,0,1,0,0,203000
0.779765657,0.060936545,-0.524174055,-0.748988443,-1.683818102,-0.285504061,-0.303689345,0,0,0,1,0,1,0,0,0,0,0,0,1,0,0,1,0,0,0,0,0,0,0,0,0,0,0,0,0,0,137000
-0.866764305,-0.101317202,0.372217301,0.066343444,-0.574051431,-0.285504061,0.409156984,0,0,0,1,0,0,0,0,0,1,1,0,0,0,0,0,0,0,0,0,0,1,0,0,0,0,0,0,0,0,175500
0.309328525,-0.153201208,3.061391367,-0.977281371,1.018222487,-0.285504061,0.204837972,0,0,0,1,0,0,0,0,0,1,1,0,0,0,0,0,0,0,0,0,1,0,0,0,0,0,0,0,0,0,266500
-0.866764305,0.134578361,-0.524174055,0.88167533,0.632216689,-0.285504061,1.333132958,0,0,0,1,0,0,1,0,0,0,1,0,0,0,0,0,0,0,0,0,0,0,0,0,0,0,0,1,0,0,224900
-0.866764305,-0.25780606,1.268608656,0.16418327,-0.429299257,-0.285504061,0.184406071,0,0,0,1,0,1,0,0,0,0,1,0,0,0,0,0,0,0,0,0,0,1,0,0,0,0,0,0,0,0,148000
-0.161108607,-0.555813659,1.268608656,-0.814214994,-1.683818102,-0.285504061,-0.714597579,0,0,0,1,0,0,0,0,0,1,1,0,0,0,0,0,0,0,0,0,0,0,0,1,0,0,0,0,0,0,121600
-0.866764305,-0.052501605,0.372217301,0.196796546,-0.381048532,1.478646635,0.304727267,0,0,0,1,0,0,0,0,0,1,1,0,0,0,0,0,0,0,0,0,0,0,0,0,1,0,0,0,0,0,171500
0.074109959,0.278793582,-0.524174055,1.044741708,0.921721037,-0.285504061,1.158326692,0,0,0,1,0,0,0,0,0,1,1,0,0,0,0,0,0,0,0,0,0,0,0,0,0,0,0,1,0,0,412500
-0.631545739,-0.413737025,-0.524174055,-1.499093778,-1.683818102,-0.285504061,-0.639680608,0,0,0,0,1,0,0,0,0,1,1,0,0,0,0,0,0,0,0,0,0,0,0,1,0,0,0,0,0,0,103000
-0.866764305,-0.178771283,-0.524174055,1.109968259,0.969971762,-0.285504061,0.563531348,0,0,0,1,0,0,0,0,0,1,1,0,0,0,0,0,0,0,0,0,0,0,0,0,0,0,0,1,0,0,164990
0.074109959,0.16256597,-0.524174055,1.142581534,1.018222487,-0.285504061,0.390995294,0,0,0,1,0,0,0,0,0,1,1,0,0,0,0,0,0,0,0,0,0,0,0,0,0,0,0,1,0,0,361919
0.779765657,-0.324474218,-0.524174055,0.294636372,-0.236296358,-0.285504061,-0.285527655,0,0,0,0,1,0,0,0,0,1,0,0,1,0,0,0,0,0,0,0,0,0,0,1,0,0,0,0,0,0,140000
0.309328525,-0.356274093,-1.42056541,-1.825226533,-1.683818102,-0.285504061,-0.580655116,0,0,0,1,0,1,0,0,0,0,1,0,0,0,0,0,0,0,0,0,0,0,0,0,0,0,0,0,1,0,128000
-0.866764305,-0.305319908,-0.524174055,1.142581534,1.018222487,-0.285504061,0.311537901,0,0,0,1,0,0,0,0,0,1,1,0,0,0,0,0,0,0,0,0,0,0,0,0,0,0,0,1,0,0,194000
-0.866764305,-0.277983173,-0.524174055,0.033730168,-0.622302156,2.673716462,-0.408119062,0,0,0,1,0,1,0,0,0,0,1,0,0,0,0,0,0,0,0,0,0,0,0,0,0,0,0,1,0,0,112500
2.426295619,-0.806493373,-0.524174055,-0.031496382,-0.718803606,-0.285504061,-0.980212294,0,0,0,0,1,0,0,0,0,1,0,0,0,0,1,0,0,0,0,0,0,1,0,0,0,0,0,0,0,0,106000
-0.866764305,0.107985483,-0.524174055,0.620769127,0.24621089,-0.285504061,0.822335429,0,0,0,1,0,1,0,0,0,0,1,0,0,0,0,0,0,0,0,0,0,1,0,0,0,0,0,0,0,0,180500
1.485421355,-0.313967242,-0.524174055,1.109968259,0.969971762,-0.285504061,1.133354369,0,0,0,1,0,0,0,0,0,1,0,0,0,0,1,0,0,0,0,0,0,0,0,1,0,0,0,0,0,0,277500
1.485421355,-0.575525862,-0.524174055,0.88167533,0.632216689,-0.285504061,0.322888957,0,0,0,0,1,0,0,1,0,0,0,0,0,0,1,0,0,0,0,0,0,0,0,0,0,0,0,1,0,0,162000
0.309328525,-0.101317202,3.061391367,-1.401253952,0.969971762,-0.285504061,-0.846269831,0,0,0,0,1,0,0,0,0,1,1,0,0,0,0,0,0,0,0,0,0,0,0,1,0,0,0,0,0,0,161000
1.485421355,-0.582406536,-0.524174055,1.077354983,0.921721037,-0.285504061,-0.485306244,0,0,0,0,1,0,0,0,0,1,0,0,0,0,1,0,0,0,0,0,0,0,0,0,0,0,0,1,0,0,149300
-0.866764305,-0.147808247,-0.524174055,0.946901881,0.728718138,-0.285504061,1.051626764,0,0,0,1,0,0,0,0,0,1,1,0,0,0,0,0,0,0,0,0,0,0,0,0,0,0,0,1,0,0,235000
-0.866764305,-0.203597501,-2.316956766,-0.325015862,-1.153060129,-0.285504061,0.393265505,0,0,0,1,0,0,0,0,0,1,1,0,0,0,0,0,0,0,0,0,0,1,0,0,0,0,0,0,0,0,98600
0.074109959,-0.203690483,-0.524174055,1.142581534,1.066473212,-0.285504061,-1.011995251,0,0,0,1,0,0,0,0,0,1,1,0,0,0,0,0,0,0,0,0,0,0,0,0,0,0,0,1,0,0,156932
0.779765657,-0.341396959,-0.524174055,0.262023097,-0.284547083,-0.285504061,-2.410445374,0,0,0,1,0,0,0,0,0,1,0,0,1,0,0,0,0,0,0,0,0,0,0,0,1,0,0,0,0,0,142953
0.074109959,0.246993707,-0.524174055,0.685995678,0.728718138,-0.285504061,0.075435932,0,0,0,1,0,0,1,0,0,0,1,0,0,0,0,0,0,0,0,0,0,1,0,0,0,0,0,0,0,0,268000
-0.866764305,-0.005080739,-0.524174055,1.044741708,0.873470313,5.860569333,1.351294647,0,0,0,1,0,0,0,1,0,0,1,0,0,0,0,0,0,0,0,0,0,0,0,0,0,0,0,1,0,0,232000
-0.866764305,0.048383963,-0.524174055,1.109968259,1.018222487,-0.285504061,1.253675564,0,0,0,1,0,0,0,0,0,1,1,0,0,0,0,0,0,0,0,0,0,0,0,0,0,0,0,1,0,0,221500
-0.631545739,-0.633174757,3.061391367,-0.846828269,0.583965964,-0.285504061,-0.853080464,0,0,0,0,1,0,0,0,0,1,1,0,0,0,0,0,0,0,0,0,0,0,0,0,0,0,0,1,0,0,110500
-0.866764305,-0.003500043,-0.524174055,1.142581534,1.066473212,-0.285504061,0.981250216,0,0,0,1,0,0,0,0,0,1,1,0,0,0,0,0,0,0,0,0,0,0,0,0,0,0,0,1,0,0,279500
0.074109959,-0.269149875,-0.524174055,1.077354983,0.969971762,-0.285504061,-0.784974127,0,0,0,1,0,0,0,0,0,1,1,0,0,0,0,0,0,0,0,0,0,0,0,0,0,0,0,1,0,0,188500
0.074109959,0.022070031,-0.524174055,1.109968259,0.969971762,-0.285504061,-0.008561884,0,0,0,1,0,0,0,0,0,1,1,0,0,0,0,0,0,0,0,0,0,0,0,0,0,0,0,1,0,0,275000
0.544547091,-0.324474218,0.372217301,0.16418327,-0.429299257,-0.285504061,-0.047155475,0,0,0,1,0,0,0,0,0,1,1,0,0,0,0,0,0,0,0,0,0,0,0,1,0,0,0,0,0,0,125000
2.896732751,-0.652236086,-0.524174055,1.109968259,1.018222487,-0.285504061,-1.168639827,0,0,0,0,1,0,0,0,0,1,0,0,0,0,1,0,0,0,0,0,0,0,0,0,0,0,0,1,0,0,140000
-0.866764305,0.001706954,-0.524174055,-0.520695514,0.390963065,4.570652695,1.260486198,0,0,0,1,0,0,0,0,0,1,1,0,0,0,0,0,0,0,0,0,0,0,0,0,0,0,0,0,1,0,190000
0.309328525,0.136252038,2.165000012,-1.499093778,-1.683818102,-0.285504061,-0.884863422,0,0,1,0,0,0,0,0,0,1,1,0,0,0,0,0,0,0,0,0,0,0,0,0,0,0,0,0,1,0,140000
0.074109959,0.327795144,-0.524174055,1.109968259,1.018222487,-0.285504061,0.21845924,0,0,0,1,0,1,0,0,0,0,1,0,0,0,0,0,0,0,0,0,0,0,0,0,0,0,0,1,0,0,325300
-0.866764305,-0.324474218,-0.524174055,-0.683761892,-1.683818102,-0.285504061,-2.410445374,0,0,0,1,0,0,0,0,0,1,1,0,0,0,0,0,0,0,0,0,0,0,0,1,0,0,0,0,0,0,98300
0.074109959,0.279909367,0.372217301,-0.19456276,0.149709441,-0.285504061,-0.448982864,0,0,0,1,0,0,0,0,0,1,1,0,0,0,0,0,0,0,0,0,0,0,0,0,0,0,0,1,0,0,201800
2.426295619,-0.698262221,-0.524174055,1.109968259,0.969971762,-0.285504061,-1.048318631,0,1,0,0,0,0,0,0,0,1,0,0,0,0,1,0,0,0,0,0,0,0,0,1,0,0,0,0,0,0,151000
-0.866764305,0.234720072,-0.524174055,1.207808085,1.162974661,-0.285504061,2.134517525,0,0,0,1,0,0,0,0,0,1,1,0,0,0,0,0,0,0,0,0,0,0,0,0,0,0,1,0,0,0,378500
-0.631545739,0.29915666,0.372217301,-1.009894646,-0.76705433,-0.285504061,-0.149314981,0,0,0,1,0,0,0,0,0,1,1,0,0,0,0,0,0,0,0,0,0,0,0,0,0,0,0,0,0,1,108000
1.485421355,-0.581569697,-0.524174055,1.044741708,0.873470313,-0.285504061,-0.485306244,0,0,0,0,1,0,0,0,0,1,0,0,0,0,1,0,0,0,0,0,0,0,0,0,0,0,0,1,0,0,136500
0.074109959,-0.044877073,0.372217301,1.17519481,1.066473212,-0.285504061,-0.426280752,0,1,0,0,0,0,0,0,0,1,1,0,0,0,0,0,0,0,0,0,0,0,0,0,0,0,0,1,0,0,227875
-0.866764305,-0.304018159,-0.524174055,-0.292402586,-1.104809404,-0.285504061,-0.010832095,0,0,0,1,0,0,0,0,0,1,1,0,0,0,0,0,0,0,0,0,0,0,0,1,0,0,0,0,0,0,132000
1.485421355,-0.536194438,-0.524174055,0.979515157,0.825219588,-0.285504061,1.206001128,0,0,0,1,0,0,0,0,0,1,0,0,0,0,1,0,0,0,0,0,1,0,0,0,0,0,0,0,0,0,286000
2.426295619,-0.747449746,-0.524174055,0.946901881,0.728718138,-0.285504061,-0.882593211,0,1,0,0,0,0,0,1,0,0,0,0,0,1,0,0,0,0,0,0,0,0,0,1,0,0,0,0,0,0,165000
1.485421355,-0.595795957,-0.524174055,1.077354983,0.921721037,-0.285504061,0.747418458,0,1,0,0,0,0,0,0,0,1,0,0,0,0,1,0,0,0,0,0,0,0,0,1,0,0,0,0,0,0,196000
-0.866764305,0.359780983,1.268608656,-0.651148616,0.728718138,0.852657679,-0.122072446,0,0,0,1,0,0,0,0,0,1,1,0,0,0,0,0,0,0,0,0,0,0,0,0,0,0,0,0,1,0,164900
-0.866764305,-0.180444961,-0.524174055,1.012128432,0.825219588,-0.285504061,0.901792822,0,0,0,1,0,0,0,0,0,1,1,0,0,0,0,0,0,0,0,0,0,0,0,0,0,0,0,1,0,0,192000
1.485421355,-0.498350727,-0.524174055,0.946901881,0.728718138,-0.285504061,0.981250216,0,0,0,1,0,0,0,0,0,1,0,0,0,0,1,0,0,0,0,0,1,0,0,0,0,0,0,0,0,0,251000
0.544547091,0.026068261,0.372217301,0.229409821,-0.332797807,2.465053476,-0.27644681,0,0,0,1,0,0,0,0,0,1,1,0,0,0,0,0,0,0,0,0,0,0,0,0,1,0,0,0,0,0,147000
0.309328525,0.093945187,1.268608656,-2.966691174,0.873470313,-0.285504061,0.404616561,0,0,0,0,1,1,0,0,0,0,1,0,0,0,0,0,0,0,0,0,0,0,0,0,0,0,1,0,0,0,265979
0.074109959,-0.216057101,-0.524174055,1.077354983,0.921721037,-0.285504061,-0.598816806,0,0,0,1,0,0,0,0,0,1,1,0,0,0,0,0,0,0,0,0,0,0,0,0,0,0,0,1,0,0,173000
-0.27871789,-0.301321678,1.268608656,-1.336027401,-1.683818102,-0.285504061,-0.964320815,0,0,0,0,1,0,0,0,0,1,1,0,0,0,0,0,0,0,0,0,0,0,0,0,0,0,0,0,1,0,139400
-0.631545739,-0.61104502,-1.42056541,-0.977281371,-1.683818102,-0.285504061,-0.837188986,0,0,0,0,1,1,0,0,0,0,1,0,0,0,0,0,0,0,0,0,0,0,0,0,0,0,0,0,1,0,52500
-0.161108607,-0.341675905,-1.42056541,-0.683761892,-1.683818102,-0.285504061,-0.800865606,0,0,0,1,0,1,0,0,0,0,1,0,0,0,0,0,0,0,0,0,0,0,0,1,0,0,0,0,0,0,110000
-0.866764305,2.272794505,-1.42056541,-0.259789311,-1.056558679,-0.285504061,1.158326692,0,0,0,1,0,0,0,0,0,1,1,0,0,0,0,0,0,0,0,0,0,0,0,1,0,0,0,0,0,0,186700
-0.866764305,-0.138881966,-0.524174055,1.044741708,0.873470313,-0.285504061,1.131084157,0,0,0,1,0,0,0,0,0,1,1,0,0,0,0,0,0,0,0,0,0,0,0,0,0,0,0,1,0,0,201000
0.779765657,-0.330425072,0.372217301,-0.814214994,-1.683818102,-0.285504061,-0.187908572,0,0,1,0,0,0,0,0,0,1,0,0,1,0,0,0,0,0,0,0,0,0,0,1,0,0,0,0,0,0,145000
-0.866764305,-0.33433032,-0.524174055,-0.161949484,-0.911806505,2.079343109,-0.380876527,0,0,0,1,0,0,0,0,0,1,1,0,0,0,0,0,0,0,0,0,0,0,0,0,0,0,0,1,0,0,125000
1.485421355,-0.698076256,-0.524174055,1.077354983,0.969971762,-0.285504061,0.440939941,0,0,0,1,0,0,0,0,0,1,0,0,0,0,1,0,0,0,0,0,0,0,0,0,0,0,0,1,0,0,192000
-0.866764305,0.147316907,-0.524174055,1.207808085,1.114723937,-0.285504061,0.80644395,0,0,0,1,0,0,0,1,0,0,1,0,0,0,0,0,0,0,0,0,0,0,0,0,0,0,0,1,0,0,227680
-0.866764305,0.163123862,-0.524174055,1.207808085,1.114723937,-0.285504061,1.975602738,0,0,0,1,0,0,0,1,0,0,1,0,0,0,0,0,0,0,0,0,0,0,0,0,0,0,0,1,0,0,394617
1.485421355,-0.171146752,-0.524174055,1.109968259,0.969971762,-0.285504061,1.412590351,0,0,0,1,0,0,0,0,0,1,0,0,0,0,1,0,0,0,0,0,0,0,0,1,0,0,0,0,0,0,266000
0.074109959,3.980968482,-0.524174055,1.044741708,0.873470313,-0.285504061,1.335403169,0,0,0,1,0,0,1,0,0,0,1,0,0,0,0,0,0,0,0,0,1,0,0,0,0,0,0,0,0,0,538000
-0.866764305,-0.168543253,0.372217301,-1.075121197,-1.297812303,-0.285504061,-0.557953004,0,0,0,1,0,0,0,0,0,1,1,0,0,0,0,0,0,0,0,0,0,0,0,1,0,0,0,0,0,0,100000
0.074109959,0.326400412,0.372217301,-0.161949484,-0.911806505,-0.285504061,-0.31277019,0,0,0,1,0,1,0,0,0,0,1,0,0,0,0,0,0,0,0,0,0,0,0,1,0,0,0,0,0,0,226000
0.074109959,-0.180351979,-0.524174055,0.88167533,0.632216689,-0.285504061,-0.585195538,0,0,0,1,0,0,0,0,0,1,1,0,0,0,0,0,0,0,0,0,0,0,0,0,0,0,0,1,0,0,200500
-0.866764305,-0.11944871,3.061391367,-0.781601718,1.114723937,-0.285504061,-0.82583793,0,0,0,1,0,0,0,0,0,1,1,0,0,0,0,0,0,0,0,0,0,0,0,0,0,0,0,1,0,0,118000
-0.866764305,4.324630287,-0.524174055,-0.748988443,-1.683818102,1.826418278,-0.714597579,0,0,0,1,0,0,0,0,0,1,1,0,0,0,0,0,0,0,0,0,0,0,0,0,0,0,0,0,1,0,160000
2.426295619,-0.626573029,-0.524174055,1.24042136,1.162974661,-0.285504061,-1.021076096,0,1,0,0,0,1,0,0,0,0,0,0,0,0,1,0,0,0,0,0,0,0,0,0,0,0,0,1,0,0,164500
0.779765657,-0.006103542,-1.42056541,-0.227176035,-1.008307954,1.383799824,1.512479645,0,0,0,1,0,0,0,0,0,1,0,0,1,0,0,0,0,0,0,0,0,1,0,0,0,0,0,0,0,0,119000
-0.866764305,0.221516615,-0.524174055,1.109968259,0.969971762,-0.285504061,0.179865649,0,0,0,1,0,0,0,0,0,1,1,0,0,0,0,0,0,0,0,0,0,0,0,0,0,0,0,1,0,0,142500
-0.866764305,-0.005731613,-0.524174055,-0.031496382,-0.718803606,-0.285504061,0.488614377,0,0,0,1,0,0,0,0,0,1,1,0,0,0,0,0,0,0,0,0,0,0,0,0,1,0,0,0,0,0,167000
-0.161108607,-0.430473801,-0.524174055,-1.042507922,-1.683818102,-0.285504061,-0.748650748,0,0,0,0,1,0,0,0,0,1,1,0,0,0,0,1,0,0,0,0,0,0,0,0,0,0,0,0,0,0,100000
-0.866764305,-0.101317202,-0.524174055,0.327249648,-0.188045633,-0.285504061,3.319567791,0,0,0,1,0,0,0,0,0,1,1,0,0,0,0,0,0,0,1,0,0,0,0,0,0,0,0,0,0,0,278000
-0.866764305,-0.127631134,-0.524174055,1.142581534,1.018222487,-0.285504061,0.572612193,0,0,0,1,0,0,0,0,0,1,1,0,0,0,0,0,0,0,0,0,0,0,0,0,0,0,0,1,0,0,176432
-0.161108607,-0.268313036,-2.316956766,-1.401253952,-1.683818102,-0.285504061,0.136731635,0,0,0,1,0,0,0,0,0,1,1,0,0,0,0,0,0,0,0,0,0,0,0,0,0,0,0,0,0,1,135000
-0.866764305,-0.234095627,1.268608656,-0.520695514,0.24621089,-0.285504061,-0.448982864,0,0,0,1,0,0,0,0,0,1,1,0,0,0,0,0,0,0,0,0,0,0,0,0,0,0,0,0,0,1,115000
-0.161108607,-0.283376135,2.165000012,-1.727386706,0.632216689,-0.285504061,-0.340012725,0,0,0,1,0,1,0,0,0,0,1,0,0,0,0,0,0,0,0,0,0,0,0,0,0,0,0,0,1,0,189950
1.485421355,-0.651399247,-0.524174055,1.17519481,1.066473212,-0.285504061,0.706554656,0,0,0,1,0,0,0,0,0,1,0,0,0,0,1,0,0,0,0,0,0,0,0,0,0,0,0,1,0,0,174000
-0.866764305,-0.211593961,2.165000012,-0.259789311,0.873470313,-0.285504061,-0.006291673,0,0,0,1,0,0,0,0,0,1,1,0,0,0,0,0,0,0,0,0,0,1,0,0,0,0,0,0,0,0,154500
0.074109959,0.145643229,-0.524174055,0.751222229,0.487464514,-0.285504061,0.910873667,0,0,0,1,0,1,0,0,0,0,1,0,0,0,0,0,0,0,0,0,0,1,0,0,0,0,0,0,0,0,325000
-0.631545739,-0.16082574,0.372217301,-1.433867227,-1.683818102,-0.285504061,-0.122072446,0,0,0,0,1,0,0,0,0,1,1,0,0,0,0,0,0,0,0,0,0,0,0,0,0,0,0,0,0,1,115000
-0.161108607,-0.529034817,1.268608656,-0.781601718,-1.683818102,-0.285504061,-0.131153291,0,0,0,0,1,1,0,0,0,0,1,0,0,0,0,0,0,0,0,0,1,0,0,0,0,0,0,0,0,0,159000
-0.866764305,0.205337731,-0.524174055,1.17519481,1.114723937,-0.285504061,1.267296832,0,0,0,1,0,0,0,0,0,1,1,0,0,0,0,0,0,0,0,0,0,0,0,0,0,0,0,1,0,0,315500
2.896732751,-0.855308971,0.372217301,0.033730168,-0.622302156,2.749593911,-0.980212294,0,0,0,0,1,0,0,0,0,1,0,0,0,0,1,0,0,0,0,0,1,0,0,0,0,0,0,0,0,0,75500
-0.161108607,0.462154264,3.061391367,-1.042507922,1.018222487,-0.285504061,-0.598816806,0,0,0,1,0,1,0,0,0,0,1,0,0,0,0,0,0,0,0,0,0,0,0,0,0,0,0,1,0,0,311500
2.426295619,-0.781946102,-0.524174055,0.229409821,-0.332797807,-0.285504061,-0.469414765,0,0,0,1,0,0,0,0,0,1,0,0,0,1,0,0,0,0,0,0,0,0,0,0,1,0,0,0,0,0,146000
2.896732751,-0.813931941,0.372217301,-0.031496382,-0.718803606,2.869733206,-0.980212294,0,0,0,0,1,0,0,0,0,1,0,0,0,1,0,0,0,0,0,0,1,0,0,0,0,0,0,0,0,0,84500
-0.161108607,0.537097829,1.268608656,-0.520695514,-1.442564478,-0.285504061,-0.557953004,0,0,0,1,0,0,0,0,0,1,1,0,0,0,0,0,0,0,0,0,0,0,0,1,0,0,0,0,0,0,135500
-0.161108607,-0.408901956,1.268608656,-1.401253952,-1.683818102,-0.285504061,-0.455793498,0,0,0,1,0,0,0,0,0,1,1,0,0,0,0,0,0,0,0,0,0,0,0,0,0,0,0,0,1,0,145000
-0.866764305,-0.077327823,0.372217301,-0.096722933,-0.815305055,-0.285504061,-0.448982864,0,0,0,1,0,0,0,0,0,1,1,0,0,0,0,0,0,0,0,0,0,1,0,0,0,0,0,0,0,0,130000
-0.631545739,0.679732355,-1.42056541,-1.172961024,-1.683818102,-0.285504061,-0.380876527,1,0,0,0,0,0,0,0,0,1,1,0,0,0,0,0,0,0,0,0,0,0,0,1,0,0,0,0,0,0,81000
-0.866764305,-0.048224429,-0.524174055,1.077354983,0.921721037,-0.285504061,1.033465074,0,0,0,1,0,0,0,0,0,1,1,0,0,0,0,0,0,0,0,0,0,0,0,0,0,0,0,1,0,0,214000
0.074109959,-0.244230675,-0.524174055,0.946901881,0.728718138,-0.285504061,-0.31277019,0,0,0,1,0,0,0,0,0,1,1,0,0,0,0,0,0,0,0,0,0,0,0,0,0,0,0,1,0,0,181000
-0.866764305,-0.164266077,1.268608656,-0.585922065,1.018222487,-0.285504061,-0.122072446,0,0,0,1,0,0,0,0,0,1,1,0,0,0,0,0,0,0,0,0,0,0,0,0,0,0,0,0,1,0,134500
0.074109959,-0.227400916,-0.524174055,1.077354983,0.921721037,-0.285504061,-0.503467934,0,0,0,1,0,0,0,0,0,1,1,0,0,0,0,0,0,0,0,0,0,0,0,0,0,0,0,1,0,0,183500
-0.866764305,-0.343070636,1.268608656,-0.357629137,0.825219588,-0.285504061,-0.117532023,0,0,0,1,0,0,0,0,0,1,1,0,0,0,0,0,0,0,0,0,0,0,0,0,0,0,0,0,1,0,135000
-0.631545739,-0.225634257,-0.524174055,-1.662160155,-1.683818102,-0.285504061,-0.112991601,0,0,0,0,1,0,0,0,0,1,1,0,0,0,0,0,0,0,1,0,0,0,0,0,0,0,0,0,0,0,118400
-0.866764305,-0.002291276,-0.524174055,1.044741708,0.873470313,-0.285504061,0.888171555,0,0,0,1,0,0,0,0,0,1,1,0,0,0,0,0,0,0,0,0,0,0,0,0,0,0,0,1,0,0,226000
-0.866764305,0.226444666,-1.42056541,-0.455468963,0.728718138,4.026864308,0.16397417,0,0,0,1,0,1,0,0,0,0,1,0,0,0,0,0,0,0,0,0,0,0,0,0,0,0,0,0,1,0,155000
0.074109959,-0.157106456,-0.524174055,1.207808085,1.114723937,-0.285504061,-0.666923143,0,1,0,0,0,0,0,0,0,1,1,0,0,0,0,0,0,0,0,0,0,0,0,0,0,0,0,1,0,0,210000
0.074109959,-0.191230883,-0.524174055,1.109968259,0.969971762,-0.285504061,-0.73502948,0,0,0,1,0,0,0,1,0,0,1,0,0,0,0,0,0,0,0,0,0,0,0,0,0,0,0,1,0,0,173500
-0.866764305,-0.448326362,1.268608656,-0.488082239,0.728718138,1.232044925,-0.285527655,0,0,0,1,0,0,0,0,0,1,1,0,0,0,0,0,0,0,0,0,0,0,0,1,0,0,0,0,0,0,129000
-0.866764305,-0.155525761,-0.524174055,0.914288606,0.680467413,-0.285504061,0.838226908,0,0,0,1,0,0,0,0,0,1,1,0,0,0,0,0,0,0,0,0,0,0,0,0,0,0,0,1,0,0,192000
1.485421355,-0.260130612,-0.524174055,0.718608953,0.390963065,-0.285504061,0.311537901,0,0,0,1,0,0,0,0,0,1,0,0,0,0,1,0,0,0,0,0,0,0,0,0,1,0,0,0,0,0,153900
-0.866764305,-0.166497647,-0.524174055,1.17519481,1.066473212,-0.285504061,0.631637685,0,0,0,1,0,0,0,0,0,1,1,0,0,0,0,0,0,0,0,0,0,0,0,0,0,0,0,1,0,0,181134
-0.866764305,0.785545973,-0.524174055,-0.651148616,-1.635567377,-0.285504061,-0.448982864,0,0,0,1,0,1,0,0,0,0,1,0,0,0,0,0,0,0,0,0,0,0,0,0,0,0,0,1,0,0,141000
0.074109959,0.013887608,-0.524174055,0.849062055,0.632216689,-0.285504061,-0.308229767,0,0,0,1,0,1,0,0,0,0,1,0,0,0,0,0,0,0,0,0,0,0,0,0,0,0,0,1,0,0,181000
1.485421355,-0.600631026,-0.524174055,1.142581534,1.066473212,-0.285504061,0.65888022,0,1,0,0,0,1,0,0,0,0,0,0,0,0,1,0,0,0,0,0,0,0,0,0,0,0,0,1,0,0,208900
-0.161108607,-0.302344481,2.165000012,-2.053519461,0.294461615,-0.285504061,-1.26625891,0,0,0,1,0,0,0,0,0,1,1,0,0,0,0,1,0,0,0,0,0,0,0,0,0,0,0,0,0,0,127000
0.074109959,-0.00601056,-0.524174055,1.044741708,0.921721037,-0.285504061,-0.144774558,0,0,0,1,0,0,0,0,0,1,1,0,0,0,0,0,0,0,0,0,0,0,0,0,0,0,0,1,0,0,284000
-0.161108607,0.682521817,0.372217301,-0.814214994,0.439213789,2.680039583,1.217352184,0,0,0,1,0,0,0,0,0,1,1,0,0,0,0,0,0,0,0,0,0,0,0,1,0,0,0,0,0,0,200500
-0.866764305,-0.205922053,1.268608656,-0.488082239,-1.394313753,-0.285504061,-0.249204275,0,0,0,1,0,0,0,0,0,1,1,0,0,0,0,0,0,0,0,0,0,0,0,0,0,0,0,1,0,0,135750
-0.866764305,0.261405931,-0.524174055,1.142581534,1.018222487,-0.285504061,1.274107465,0,0,0,1,0,1,0,0,0,0,1,0,0,0,0,0,0,0,0,0,0,0,0,0,0,0,0,1,0,0,255000
-0.866764305,-0.138510038,0.372217301,-0.19456276,-0.96005723,-0.285504061,0.168514593,0,0,0,1,0,0,0,0,0,1,1,0,0,0,0,0,0,0,0,0,0,1,0,0,0,0,0,0,0,0,140000
-0.161108607,-0.324474218,-1.42056541,-0.683761892,-0.139794908,1.940234452,0.331969802,0,0,0,1,0,0,0,0,0,1,1,0,0,0,0,0,0,0,0,0,0,0,0,0,0,0,0,1,0,0,138000
0.074109959,-0.231492128,-0.524174055,1.044741708,0.921721037,-0.285504061,-0.487576455,0,0,0,1,0,0,0,0,0,1,1,0,0,0,0,0,0,0,0,0,0,0,0,0,0,0,0,1,0,0,219500
0.074109959,0.358107305,1.268608656,0.718608953,0.390963065,-0.285504061,0.627097263,0,0,0,1,0,1,0,0,0,0,1,0,0,0,0,0,0,0,0,0,0,0,0,1,0,0,0,0,0,0,310000
-0.866764305,0.187113241,-0.524174055,-0.488082239,-1.394313753,-0.285504061,-2.410445374,0,0,0,0,1,0,0,0,0,1,1,0,0,0,0,0,0,0,1,0,0,0,0,0,0,0,0,0,0,0,97000
-0.161108607,-0.413737025,0.372217301,-1.205574299,-1.683818102,-0.285504061,-0.557953004,0,0,0,0,1,0,0,0,0,1,1,0,0,0,0,0,0,0,0,0,0,0,0,0,0,0,0,0,1,0,114500
0.074109959,-0.168264307,-0.524174055,0.751222229,0.825219588,-0.285504061,-0.25828512,0,0,0,1,0,0,0,0,0,1,1,0,0,0,0,0,0,0,0,0,0,0,0,0,0,0,0,1,0,0,205000
-0.866764305,-0.086626032,-0.524174055,0.001116893,-0.670552881,1.529231602,-0.253744698,0,0,0,1,0,0,0,0,0,1,1,0,0,0,0,0,0,0,0,0,0,1,0,0,0,0,0,0,0,0,119500
-0.866764305,0.187299206,-0.524174055,1.207808085,1.162974661,-0.285504061,2.225325974,0,0,0,1,0,0,0,0,0,1,1,0,0,0,0,0,0,0,0,0,0,0,0,0,0,0,0,1,0,0,253293
-0.866764305,-0.069238381,-0.524174055,-0.325015862,-1.153060129,-0.285504061,-0.167476671,0,0,0,1,0,0,0,0,0,1,1,0,0,0,0,0,0,0,0,0,0,0,0,0,0,0,0,0,1,0,128500
0.309328525,-0.073422575,-1.42056541,-2.966691174,-1.683818102,-0.285504061,-0.122072446,0,0,0,0,1,0,0,0,0,1,1,0,0,0,0,0,0,0,0,0,0,0,0,0,0,0,0,0,1,0,117500
-0.866764305,-0.268684964,-0.524174055,-0.227176035,-1.008307954,3.508368405,-0.340012725,0,0,0,1,0,0,0,0,0,1,1,0,0,0,0,0,0,0,0,0,0,0,0,0,0,0,0,0,1,0,115000
-0.866764305,-0.274077926,1.268608656,-0.161949484,-0.911806505,-0.285504061,-0.242393641,0,0,0,1,0,0,0,0,0,1,1,0,0,0,0,0,0,0,0,0,0,1,0,0,0,0,0,0,0,0,127000
0.074109959,0.259267343,-0.524174055,1.207808085,1.114723937,-0.285504061,1.498858378,0,0,0,1,0,1,0,0,0,0,1,0,0,0,0,0,0,0,0,0,1,0,0,0,0,0,0,0,0,0,451950
-0.161108607,0.060843563,-0.524174055,-0.422855688,-1.297812303,-0.285504061,-0.426280752,0,0,0,1,0,0,0,0,0,1,1,0,0,0,0,0,0,0,0,0,0,0,0,1,0,0,0,0,0,0,144000
-0.866764305,-0.324474218,1.268608656,-0.683761892,-1.683818102,0.321515533,-0.421740329,0,0,0,1,0,0,0,0,0,1,1,0,0,0,0,0,0,0,0,0,0,0,0,1,0,0,0,0,0,0,119000
-0.866764305,-0.080954124,-0.524174055,0.196796546,-0.381048532,-0.285504061,1.146975636,0,0,0,1,0,0,0,0,0,1,1,0,0,0,0,0,0,0,0,0,0,0,0,0,1,0,0,0,0,0,196000
2.426295619,-0.746147997,0.372217301,0.16418327,-0.429299257,-0.285504061,-1.811109607,0,0,0,0,1,0,0,0,0,1,0,0,0,0,1,0,0,0,0,0,1,0,0,0,0,0,0,0,0,0,115000
-0.866764305,0.447091165,0.372217301,0.16418327,-0.429299257,2.243744249,1.142435214,0,0,0,1,0,1,0,0,0,0,1,0,0,0,0,0,0,0,0,0,0,0,0,0,0,1,0,0,0,0,287000
1.485421355,-0.581290751,-0.524174055,1.077354983,0.921721037,-0.285504061,-0.485306244,0,0,0,0,1,0,0,0,0,1,0,0,0,0,1,0,0,0,0,0,0,0,0,0,0,0,0,1,0,0,144500
-0.866764305,0.088831172,-0.524174055,1.109968259,0.969971762,-0.285504061,1.526100913,0,0,0,1,0,0,0,0,0,1,1,0,0,0,0,0,0,0,0,0,0,0,0,0,0,0,0,1,0,0,260000
0.074109959,-0.127631134,-0.524174055,0.718608953,0.390963065,-0.285504061,-0.730489058,0,0,0,1,0,0,0,0,0,1,1,0,0,0,0,0,0,0,0,0,0,1,0,0,0,0,0,0,0,0,213000
-0.866764305,0.457598142,0.372217301,0.196796546,-0.381048532,0.302546171,0.14581248,0,0,0,1,0,1,0,0,0,0,1,0,0,0,0,0,0,0,0,0,0,0,0,0,0,0,0,1,0,0,175000
0.544547091,-0.266918305,-0.524174055,0.16418327,-0.429299257,0.517532277,-0.07439801,0,0,0,1,0,0,0,0,0,1,1,0,0,0,0,0,0,0,0,0,0,0,0,0,1,0,0,0,0,0,107000
-0.866764305,-0.324474218,1.268608656,-0.520695514,1.066473212,-0.285504061,-2.410445374,0,0,0,1,0,0,0,0,0,1,1,0,0,0,0,0,0,0,0,0,0,0,0,0,0,0,0,1,0,0,107500
-0.631545739,-0.405926529,0.372217301,-1.433867227,-1.683818102,-0.285504061,-1.22993553,0,0,0,0,1,0,0,0,0,1,1,0,0,0,0,0,0,0,0,0,0,0,0,1,0,0,0,0,0,0,68500
-0.866764305,-0.296579591,1.268608656,-0.390242413,0.439213789,5.443243362,0.418237829,0,0,0,1,0,0,0,0,0,1,1,0,0,0,0,0,0,0,1,0,0,0,0,0,0,0,0,0,0,0,154000
0.074109959,-0.102154041,-0.524174055,1.077354983,0.969971762,-0.285504061,0.184406071,0,0,0,1,0,0,0,0,0,1,1,0,0,0,0,0,0,0,0,0,0,0,0,0,0,0,0,1,0,0,317000
-0.866764305,0.362384481,-0.524174055,1.207808085,1.114723937,-0.285504061,0.990331061,0,0,0,1,0,0,0,0,0,1,1,0,0,0,0,0,0,0,0,0,0,0,0,0,0,0,0,1,0,0,264132
-0.866764305,0.429238604,-0.524174055,1.142581534,1.066473212,-0.285504061,1.52156049,0,0,0,1,0,1,0,0,0,0,1,0,0,0,0,0,0,0,0,0,0,0,0,0,0,0,0,1,0,0,283463
-0.866764305,0.1790238,1.268608656,-0.683761892,0.776968863,-0.285504061,0.318348534,0,0,0,1,0,1,0,0,0,0,1,0,0,0,0,0,0,0,0,0,0,0,0,0,0,0,0,0,0,1,243000
-0.161108607,-0.051664766,0.372217301,-1.009894646,-1.683818102,-0.285504061,-0.741840114,0,0,0,1,0,0,0,0,0,1,1,0,0,0,0,0,0,0,0,0,0,0,0,1,0,0,0,0,0,0,109000
0.074109959,0.144527444,-0.524174055,1.044741708,0.873470313,-0.285504061,0.954007681,0,0,0,1,0,0,0,0,0,1,1,0,0,0,0,0,0,0,0,0,0,0,0,0,0,0,0,1,0,0,305000
-0.866764305,0.002078882,-0.524174055,0.653382402,0.34271234,-0.285504061,-0.199259628,0,0,0,1,0,0,0,0,0,1,1,0,0,0,0,0,0,0,0,0,0,1,0,0,0,0,0,0,0,0,93500
2.426295619,-0.693613116,-0.524174055,0.914288606,0.680467413,-0.285504061,-0.755461381,0,1,0,0,0,1,0,0,0,0,0,0,0,0,1,0,0,0,0,0,0,0,0,1,0,0,0,0,0,0,176000
0.779765657,-0.341396959,-0.524174055,0.262023097,-0.284547083,-0.285504061,-2.410445374,0,0,0,1,0,0,0,0,0,1,0,0,1,0,0,0,0,0,0,0,0,0,0,0,1,0,0,0,0,0,118858
-0.866764305,-0.226843024,-0.524174055,-0.096722933,-0.815305055,2.825471361,-0.249204275,0,0,0,1,0,0,0,0,0,1,1,0,0,0,0,0,0,0,0,0,0,1,0,0,0,0,0,0,0,0,134000
-0.866764305,-0.194950167,0.372217301,-0.455468963,-1.346063028,-0.285504061,-0.351363781,0,0,0,1,0,0,0,0,0,1,1,0,0,0,0,0,0,0,0,0,0,0,0,1,0,0,0,0,0,0,109008
0.779765657,-0.199506289,-1.42056541,-0.683761892,-1.683818102,-0.285504061,-2.410445374,0,0,0,1,0,0,0,0,0,1,0,0,1,0,0,0,0,0,0,0,0,0,0,0,0,0,1,0,0,0,93500
-0.866764305,0.207290355,-0.524174055,1.24042136,1.211225386,-0.285504061,2.879146811,0,0,0,1,0,0,0,0,0,1,1,0,0,0,0,0,0,0,0,0,0,0,0,0,0,0,0,1,0,0,611657
1.485421355,-0.725505973,-0.524174055,0.81644878,0.583965964,-0.285504061,0.520397334,0,0,0,1,0,0,0,0,0,1,1,0,0,0,0,0,0,0,0,0,0,0,0,0,0,0,0,0,1,0,173000
0.074109959,-0.115078551,-0.524174055,0.849062055,0.632216689,-0.285504061,0.758769514,0,0,0,1,0,0,0,0,0,1,1,0,0,0,0,0,0,0,0,0,0,0,0,0,0,0,0,1,0,0,348000
0.074109959,-0.013728073,-0.524174055,0.718608953,0.439213789,-0.285504061,0.565801559,0,0,0,1,0,0,0,0,0,1,1,0,0,0,0,0,0,0,0,0,0,0,0,0,0,0,0,0,1,0,341000
-0.866764305,-0.255202561,0.372217301,-0.390242413,-1.249561578,2.913995052,0.20029755,0,0,0,1,0,0,0,0,0,1,1,0,0,0,0,0,0,0,1,0,0,0,0,0,0,0,0,0,0,0,141000
-0.866764305,-0.324474218,1.268608656,0.033730168,-0.622302156,-0.285504061,-0.639680608,0,0,0,1,0,0,0,0,0,1,1,0,0,0,0,0,0,0,0,0,0,1,0,0,0,0,0,0,0,0,124900
2.426295619,-0.837735356,2.165000012,0.033730168,1.066473212,-0.285504061,-1.313933346,0,0,0,0,1,0,0,0,0,1,0,0,0,1,0,0,0,0,0,0,0,1,0,0,0,0,0,0,0,0,118000
-0.631545739,-0.160174865,-3.213348121,-1.662160155,-1.683818102,-0.285504061,-0.228772374,0,0,0,0,1,1,0,0,0,0,1,0,0,0,0,0,0,0,0,0,0,0,0,1,0,0,0,0,0,0,67000
-0.866764305,1.028415193,-0.524174055,-0.55330879,-1.490815202,-0.285504061,-0.167476671,0,0,0,1,0,0,0,0,0,1,1,0,0,0,0,0,0,0,0,0,0,1,0,0,0,0,0,0,0,0,113000
-0.631545739,-0.456136858,2.165000012,-1.075121197,0.535715239,-0.285504061,-1.979105238,0,0,0,0,1,0,0,0,0,1,1,0,0,0,0,0,0,0,0,0,0,0,0,1,0,0,0,0,0,0,91300
0.074109959,-0.264593752,1.268608656,0.229409821,-0.332797807,-0.285504061,-0.884863422,0,0,0,1,0,0,0,0,0,1,1,0,0,0,0,0,0,0,0,0,0,1,0,0,0,0,0,0,0,0,149500
-0.161108607,-0.424894876,1.268608656,-1.172961024,0.487464514,-0.285504061,-0.403578639,0,0,0,0,1,0,0,0,0,1,1,0,0,0,0,1,0,0,0,0,0,0,0,0,0,0,0,0,0,0,133000
0.074109959,0.003566596,-0.524174055,1.142581534,1.018222487,-0.285504061,0.075435932,0,1,0,0,0,0,0,0,0,1,1,0,0,0,0,0,0,0,0,0,0,0,0,0,0,0,0,1,0,0,266000
1.485421355,-0.50383667,-0.524174055,0.490316025,0.053207991,-0.285504061,0.888171555,0,0,0,1,0,0,0,0,0,1,1,0,0,0,0,0,0,0,0,0,0,0,0,0,0,0,0,0,1,0,190000
1.485421355,-0.581569697,-0.524174055,1.077354983,0.921721037,-0.285504061,-0.485306244,0,0,0,0,1,0,0,0,0,1,0,0,0,0,1,0,0,0,0,0,0,0,0,0,0,0,0,1,0,0,155900
0.074109959,0.038434879,-0.524174055,1.142581534,1.018222487,-0.285504061,-0.757731592,0,0,0,1,0,1,0,0,0,0,1,0,0,0,0,0,0,0,0,0,0,0,0,0,0,0,0,1,0,0,155835
-0.631545739,-0.240790337,0.372217301,-0.748988443,-0.574051431,-0.285504061,1.128813946,0,0,0,0,1,0,0,0,0,1,1,0,0,0,0,0,0,0,0,0,0,0,0,0,0,0,0,1,0,0,153500
0.074109959,0.009610431,-0.524174055,-0.064109658,-0.76705433,1.529231602,-0.639680608,0,0,0,1,0,0,0,0,0,1,1,0,0,0,0,0,0,0,0,0,0,0,0,0,0,0,0,0,0,1,152000
-0.866764305,-0.22089217,1.268608656,0.359862923,-0.139794908,-0.285504061,-0.557953004,0,0,0,1,0,1,0,0,0,0,1,0,0,0,0,0,0,0,0,0,0,1,0,0,0,0,0,0,0,0,124500
0.074109959,-0.028791172,-0.524174055,0.490316025,0.101458716,9.034775963,0.999411906,0,0,0,1,0,0,0,0,0,1,1,0,0,0,0,0,0,0,0,0,0,0,0,0,1,0,0,0,0,0,301000
0.779765657,0.0082157,-0.524174055,-0.096722933,-0.815305055,-0.285504061,1.603288095,0,0,0,1,0,0,0,0,0,1,0,0,1,0,0,0,0,0,0,0,0,1,0,0,0,0,0,0,0,0,136500
-0.866764305,-0.042087611,-0.524174055,1.109968259,1.018222487,-0.285504061,0.577152615,0,0,0,1,0,0,0,0,0,1,1,0,0,0,0,0,0,0,0,0,0,0,0,0,0,0,0,1,0,0,169990
-0.161108607,-0.318523365,1.268608656,-1.499093778,1.066473212,-0.285504061,-0.249204275,0,0,0,1,0,0,0,0,0,1,1,0,0,0,0,0,0,0,0,0,0,0,0,0,0,0,0,0,1,0,205000
2.426295619,-0.646657161,-0.524174055,0.914288606,0.680467413,-0.285504061,-0.841729408,0,1,0,0,0,0,0,0,1,0,0,0,0,0,1,0,0,0,0,0,0,0,0,1,0,0,0,0,0,0,183900
-0.866764305,-0.158036277,-0.524174055,1.142581534,1.018222487,-0.285504061,0.990331061,0,0,0,1,0,0,0,0,0,1,1,0,0,0,0,0,0,0,0,0,0,0,0,0,0,0,0,1,0,0,204900
0.074109959,0.215286815,1.268608656,0.294636372,-0.236296358,-0.285504061,-0.492116878,0,0,0,1,0,1,0,0,0,0,1,0,0,0,0,0,0,0,0,0,1,0,0,0,0,0,0,0,0,0,260000
-0.866764305,0.136252038,-2.316956766,-0.031496382,-0.718803606,-0.285504061,1.351294647,0,0,0,1,0,0,0,0,0,1,1,0,0,0,0,0,0,0,0,0,0,0,0,0,1,0,0,0,0,0,163500
0.074109959,-0.235397376,-0.524174055,1.044741708,0.873470313,-0.285504061,-0.403578639,0,0,0,1,0,0,0,0,0,1,1,0,0,0,0,0,0,0,0,0,0,0,0,0,0,0,0,1,0,0,224900
-0.866764305,0.275353245,0.372217301,0.066343444,-0.574051431,-0.285504061,2.636234208,0,0,0,1,0,0,0,0,0,1,1,0,0,0,0,0,0,0,0,0,0,0,0,0,1,0,0,0,0,0,244000
-0.27871789,-0.424894876,2.165000012,-1.368640676,0.776968863,-0.285504061,-0.521629624,0,0,0,0,1,1,0,0,0,0,1,0,0,0,0,0,0,0,0,0,0,0,0,0,0,0,0,0,1,0,132000
0.544547091,0.508366363,1.268608656,0.229409821,-0.332797807,2.186836162,0.67704191,0,0,0,1,0,0,0,1,0,0,1,0,0,0,0,0,0,0,0,0,0,0,0,0,1,0,0,0,0,0,194000
-0.866764305,-0.21289571,-2.316956766,-0.455468963,-1.346063028,3.894078772,0.944926836,0,0,0,1,0,0,0,0,0,1,1,0,0,0,0,0,0,0,1,0,0,0,0,0,0,0,0,0,0,0,156500
-0.866764305,-0.256597293,2.165000012,-0.064109658,0.969971762,2.699008945,-0.081208644,0,0,0,1,0,0,0,0,0,1,1,0,0,0,0,0,0,0,0,0,0,0,0,0,1,0,0,0,0,0,156000
1.485421355,-0.38370381,-0.524174055,0.457702749,0.004957266,-0.285504061,1.544262603,0,0,0,1,0,0,1,0,0,0,1,0,0,0,0,0,0,0,0,0,0,1,0,0,0,0,0,0,0,0,275000
-0.866764305,-0.134325844,-0.524174055,0.751222229,0.487464514,-0.285504061,-0.162936248,0,0,0,1,0,0,0,0,0,1,1,0,0,0,0,0,0,0,0,0,0,0,0,0,0,0,0,1,0,0,145000
0.074109959,0.085204871,-0.524174055,-0.064109658,-0.76705433,-0.285504061,-0.049425686,0,0,0,1,0,0,0,0,0,1,1,0,0,0,0,0,0,0,0,0,0,0,0,0,1,0,0,0,0,0,135000
-0.631545739,-0.424894876,-2.316956766,-1.140347748,-1.683818102,-0.285504061,-1.811109607,0,0,0,0,1,0,0,0,0,1,1,0,0,0,0,1,0,0,0,0,0,0,0,0,0,0,0,0,0,0,60000
-0.866764305,-0.210106248,-0.524174055,0.229409821,-0.332797807,-0.285504061,-0.049425686,0,0,0,1,0,0,0,0,0,1,1,0,0,0,0,0,0,0,0,0,0,1,0,0,0,0,0,0,0,0,124000
-0.866764305,-0.352647792,2.165000012,-0.292402586,1.211225386,-0.285504061,-0.049425686,0,0,0,1,0,1,0,0,0,0,1,0,0,0,0,0,0,0,0,0,0,1,0,0,0,0,0,0,0,0,127000
0.309328525,-0.424894876,2.165000012,-1.662160155,0.921721037,-0.285504061,-0.278717021,0,0,0,0,1,0,0,0,0,1,1,0,0,0,0,0,0,0,0,0,0,0,0,1,0,0,0,0,0,0,137500
0.074109959,-0.134325844,-0.524174055,1.142581534,1.018222487,-0.285504061,-0.278717021,0,0,0,1,0,0,0,0,0,1,1,0,0,0,0,0,0,0,0,0,0,0,0,0,0,0,0,1,0,0,213500
-0.631545739,-0.324474218,1.268608656,-1.009894646,0.34271234,-0.285504061,-0.621518918,0,0,0,0,1,1,0,0,0,0,1,0,0,0,0,0,0,0,0,0,0,0,0,1,0,0,0,0,0,0,119000
-0.866764305,-0.436052726,1.268608656,-0.55330879,0.728718138,-0.285504061,-0.364985048,0,0,0,0,1,1,0,0,0,0,1,0,0,0,0,0,0,0,0,0,0,0,0,1,0,0,0,0,0,0,107900
-0.866764305,-0.222751812,-0.524174055,0.001116893,-0.670552881,-0.285504061,-0.462604132,0,0,0,1,0,0,0,0,0,1,1,0,0,0,0,0,0,0,0,0,0,0,0,1,0,0,0,0,0,0,123000
0.779765657,-0.163615202,-0.524174055,0.229409821,-0.332797807,-0.285504061,-2.410445374,0,0,0,0,1,0,0,0,0,1,0,0,1,0,0,0,0,0,0,0,0,0,0,0,0,0,0,1,0,0,112000
-0.866764305,-0.003221097,-0.524174055,1.044741708,0.921721037,2.743270791,4.867851855,0,0,0,1,0,0,0,0,0,1,1,0,0,0,0,0,0,0,0,0,0,0,0,0,0,0,0,1,0,0,284000
1.485421355,-0.616623945,-0.524174055,0.88167533,0.632216689,0.593409727,-0.769082649,0,0,1,0,0,0,0,0,0,1,0,0,0,0,1,0,0,0,0,0,0,0,0,1,0,0,0,0,0,0,133000
1.485421355,-0.581290751,-0.524174055,1.077354983,0.921721037,-0.285504061,-0.485306244,0,0,0,0,1,0,0,0,0,1,0,0,0,0,1,0,0,0,0,0,0,0,0,0,0,0,0,1,0,0,149000
0.074109959,-0.178213391,-0.524174055,0.849062055,0.583965964,-0.285504061,-0.33093188,0,0,0,1,0,0,0,0,0,1,1,0,0,0,0,0,0,0,0,0,0,0,0,0,0,0,0,1,0,0,169000
-0.161108607,0.219749955,1.268608656,-1.564320329,0.728718138,-0.285504061,-0.519359413,0,0,0,1,0,0,0,0,0,1,1,0,0,0,0,0,0,0,0,0,0,0,0,0,0,0,0,0,1,0,207000
-0.866764305,0.071350539,-0.524174055,0.555542576,0.149709441,-0.285504061,0.749688669,0,0,0,1,0,1,0,0,0,0,1,0,0,0,0,0,0,0,0,0,0,1,0,0,0,0,0,0,0,0,175000
-0.866764305,0.263730484,0.372217301,-0.19456276,-0.96005723,2.08566623,-0.287797866,0,0,0,1,0,0,1,0,0,0,1,0,0,0,0,0,0,0,0,0,0,1,0,0,0,0,0,0,0,0,137000
0.074109959,-0.176167785,-0.524174055,0.946901881,0.728718138,-0.285504061,-0.249204275,0,0,0,1,0,0,0,0,0,1,1,0,0,0,0,0,0,0,0,0,0,0,0,0,0,0,0,1,0,0,236000
-0.396327173,-0.147808247,0.372217301,-1.336027401,-1.201310854,-0.285504061,-0.725948635,0,0,0,0,1,0,0,0,0,1,1,0,0,0,0,0,0,0,0,0,0,0,0,0,0,0,0,1,0,0,79500
-0.866764305,-0.108290859,0.372217301,0.783835504,1.018222487,-0.285504061,0.084516777,0,0,0,1,0,0,0,0,0,1,1,0,0,0,0,0,0,0,0,0,0,0,0,0,0,0,0,1,0,0,144000
0.074109959,-0.051106873,-0.524174055,0.16418327,-0.429299257,-0.285504061,-0.521629624,0,0,0,1,0,0,0,0,0,1,1,0,0,0,0,0,0,0,0,0,0,1,0,0,0,0,0,0,0,0,162900
0.074109959,-0.220334277,-0.524174055,1.077354983,0.921721037,-0.285504061,-0.66238272,0,0,0,1,0,0,0,0,0,1,1,0,0,0,0,0,0,0,0,0,0,0,0,0,0,0,0,1,0,0,185900
-0.866764305,0.07004879,-0.524174055,1.109968259,1.018222487,-0.285504061,1.830309219,0,0,0,1,0,0,0,0,0,1,1,0,0,0,0,0,0,0,0,0,0,0,0,0,0,0,0,1,0,0,369900
0.074109959,-0.02693153,-0.524174055,0.88167533,0.632216689,-0.285504061,-0.444442442,0,0,0,1,0,1,0,0,0,0,1,0,0,0,0,0,0,0,0,0,0,0,0,0,0,0,0,1,0,0,197900
0.426937808,-0.48068413,0.372217301,-1.923066359,-1.683818102,-0.285504061,-0.696435889,0,0,0,0,1,1,0,0,0,0,1,0,0,0,0,0,0,0,0,0,0,0,0,0,0,0,0,0,1,0,104000
-0.866764305,-0.157106456,-2.316956766,-0.716375167,-1.683818102,-0.285504061,-1.320743979,1,0,0,0,0,0,0,0,0,1,1,0,0,0,0,1,0,0,0,0,0,0,0,0,0,0,0,0,0,0,35311
-0.866764305,0.164239647,-0.524174055,1.142581534,1.066473212,-0.285504061,1.448913731,0,0,0,1,0,0,0,1,0,0,1,0,0,0,0,0,0,0,0,0,1,0,0,0,0,0,0,0,0,0,337500
1.485421355,-0.178585319,-0.524174055,1.207808085,1.114723937,-0.285504061,1.453454153,0,0,0,1,0,1,0,0,0,0,0,0,0,0,1,0,0,0,0,0,0,0,0,1,0,0,0,0,0,0,367294
-0.866764305,-0.138510038,0.372217301,0.131569995,-0.236296358,2.81914824,-0.280987233,0,0,0,1,0,0,1,0,0,0,1,0,0,0,0,0,0,0,0,0,0,0,0,0,0,0,0,1,0,0,130250
-0.866764305,-0.238465785,-0.524174055,1.012128432,0.825219588,-0.285504061,1.344484014,0,0,0,1,0,0,0,0,0,1,1,0,0,0,0,0,0,0,0,0,0,0,0,0,0,0,0,1,0,0,230000
0.074109959,1.008424043,0.372217301,0.751222229,0.487464514,-0.285504061,3.137950892,0,0,0,1,0,1,0,0,0,0,1,0,0,0,0,0,0,0,0,0,0,1,0,0,0,0,0,0,0,0,755000
0.074109959,0.413617613,-0.524174055,0.783835504,0.535715239,-0.285504061,0.908603456,0,0,0,1,0,0,0,0,0,1,1,0,0,0,0,0,0,0,0,0,0,0,0,0,0,0,0,1,0,0,403000
-0.866764305,0.242716531,1.268608656,-0.488082239,0.728718138,-0.285504061,-0.303689345,0,0,0,1,0,0,0,0,0,1,1,0,0,0,0,0,0,0,0,0,0,0,0,0,0,0,0,0,1,0,132000
0.074109959,-0.137952146,-0.524174055,0.457702749,0.004957266,-0.285504061,-0.728218846,0,0,0,1,0,0,0,0,0,1,1,0,0,0,0,0,0,0,0,0,0,1,0,0,0,0,0,0,0,0,178000
-0.161108607,-0.21289571,-0.524174055,-1.499093778,-1.683818102,-0.285504061,0.270674098,0,0,0,1,0,0,0,0,0,1,1,0,0,0,0,0,0,0,0,0,0,0,0,1,0,0,0,0,0,0,136500
3.131951317,2.227884155,-0.524174055,-0.520695514,-1.442564478,-0.285504061,-0.013102306,0,0,0,1,0,0,0,0,0,1,0,1,0,0,0,0,0,0,0,0,0,0,0,0,0,0,0,0,1,0,145000
0.662156374,-0.265151645,-0.524174055,-0.129336209,-0.86355578,-0.285504061,-0.448982864,0,0,0,1,0,0,0,0,0,1,1,0,0,0,0,0,0,0,0,0,0,1,0,0,0,0,0,0,0,0,123000
-0.161108607,0.075348769,1.268608656,-1.140347748,0.101458716,-0.285504061,-0.101640545,0,0,0,1,0,0,0,0,0,1,1,0,0,0,0,0,0,0,1,0,0,0,0,0,0,0,0,0,0,0,250000
-0.866764305,0.52026807,-0.524174055,0.979515157,0.825219588,-0.285504061,0.797363105,0,0,0,1,0,0,0,0,0,1,1,0,0,0,0,0,0,0,0,0,0,0,0,0,0,0,0,1,0,0,187100
0.662156374,-0.324474218,2.165000012,0.033730168,0.873470313,-0.285504061,-0.666923143,0,0,0,1,0,0,0,0,0,1,1,0,0,0,0,0,0,0,0,0,0,0,0,0,0,0,0,0,0,1,133900
-0.631545739,-0.227028988,-2.316956766,-1.857839808,-1.683818102,-0.285504061,-0.448982864,0,0,0,1,0,0,0,0,0,1,1,0,0,0,0,0,0,0,0,0,0,0,0,0,0,0,1,0,0,0,67000
-0.631545739,0.084646978,-0.524174055,-1.596933605,-1.683818102,-0.285504061,-0.821297507,0,0,0,1,0,0,0,0,0,1,1,0,0,0,0,0,0,0,0,0,0,0,0,1,0,0,0,0,0,0,137500
0.074109959,-0.288211203,-0.524174055,-0.161949484,-0.911806505,-0.285504061,-0.912105957,0,0,0,1,0,0,0,0,0,1,1,0,0,0,0,0,0,0,0,0,0,0,0,0,0,0,0,1,0,0,155000
-0.866764305,2.043593652,-2.316956766,-0.455468963,-0.477549982,-0.285504061,2.209434495,0,0,0,1,0,0,1,0,0,0,1,0,0,0,0,0,0,0,0,0,0,0,0,0,0,0,0,0,1,0,200624
0.779765657,0.084646978,-0.524174055,-0.357629137,-1.201310854,-0.285504061,0.098138044,0,0,0,1,0,1,0,0,0,0,0,0,1,0,0,0,0,0,0,0,0,0,0,1,0,0,0,0,0,0,154300
-0.631545739,-0.084022533,-1.42056541,-1.596933605,-1.683818102,-0.285504061,-0.124342657,0,0,0,0,1,0,0,0,0,1,1,0,0,0,0,0,0,0,0,0,0,0,0,0,0,0,0,0,1,0,91000
0.779765657,-0.157106456,-0.524174055,0.098956719,-0.525800706,-0.285504061,-0.376336105,0,0,0,1,0,0,0,1,0,0,0,0,1,0,0,0,0,0,0,0,0,0,0,0,0,0,0,1,0,0,136000
0.779765657,0.205523695,-1.42056541,-0.064109658,-0.76705433,-0.285504061,0.309267689,0,0,0,1,0,0,0,0,0,1,0,0,1,0,0,0,0,0,0,0,0,0,0,0,1,0,0,0,0,0,108959
-0.866764305,0.057682172,-0.524174055,-0.55330879,-1.490815202,-0.285504061,0.692933389,0,0,0,1,0,0,0,0,0,1,1,0,0,0,0,0,0,0,0,0,0,0,0,0,0,0,0,0,1,0,140000
-0.631545739,-0.147994211,1.268608656,-1.662160155,0.825219588,-0.285504061,-1.21177384,0,0,0,1,0,0,0,0,0,1,1,0,0,0,0,0,0,0,0,0,0,0,0,0,0,0,0,0,1,0,86000
-0.866764305,-0.064124366,0.372217301,-0.325015862,-0.091544183,-0.285504061,-0.448982864,0,0,0,1,0,1,0,0,0,0,1,0,0,0,0,0,0,0,0,0,0,1,0,0,0,0,0,0,0,0,131400
-0.866764305,0.033413846,-0.524174055,1.17519481,1.066473212,-0.285504061,0.390995294,0,0,0,1,0,1,0,0,0,0,1,0,0,0,0,0,0,0,0,0,0,0,0,0,0,0,0,1,0,0,179900
0.779765657,-0.34502326,-0.524174055,0.294636372,-0.236296358,-0.285504061,-0.013102306,0,0,0,1,0,0,0,0,0,1,0,0,1,0,0,0,0,0,0,0,0,0,0,0,1,0,0,0,0,0,144000
-0.866764305,-0.108755769,-0.524174055,1.17519481,1.114723937,-0.285504061,1.308160634,0,0,0,1,0,0,0,0,0,1,1,0,0,0,0,0,0,0,0,0,0,0,0,0,0,0,0,1,0,0,293077
-0.866764305,-0.197832612,0.372217301,-0.455468963,0.825219588,-0.285504061,0.350131492,0,0,0,1,0,0,0,0,0,1,1,0,0,0,0,0,0,0,0,0,0,1,0,0,0,0,0,0,0,0,144500
-0.161108607,-0.205457143,-0.524174055,-0.781601718,-1.683818102,-0.285504061,-0.521629624,0,0,0,1,0,0,0,0,0,1,1,0,0,0,0,0,0,0,0,0,0,0,0,1,0,0,0,0,0,0,118500
0.779765657,-0.250088546,-1.42056541,-0.325015862,-1.153060129,-0.285504061,1.675934854,0,0,0,1,0,1,0,0,0,0,0,0,1,0,0,0,0,0,1,0,0,0,0,0,0,0,0,0,0,0,141000
0.074109959,-0.305970782,-0.524174055,0.849062055,0.632216689,-0.285504061,-0.196989417,0,1,0,0,0,0,0,0,0,1,1,0,0,0,0,0,0,0,0,0,0,0,0,0,0,0,0,1,0,0,239000
0.074109959,-0.102432987,-0.524174055,1.17519481,1.066473212,-0.285504061,0.954007681,0,0,0,1,0,0,0,0,0,1,1,0,0,0,0,0,0,0,0,0,1,0,0,0,0,0,0,0,0,0,276000
0.074109959,0.498975172,-0.524174055,1.109968259,1.018222487,-0.285504061,2.111815412,0,0,0,1,0,0,0,0,0,1,1,0,0,0,0,0,0,0,0,0,1,0,0,0,0,0,0,0,0,0,556581
0.309328525,1.245993284,1.268608656,-1.009894646,-1.683818102,-0.285504061,-0.067587376,0,0,0,1,0,0,0,0,0,1,1,0,0,0,0,0,0,0,0,0,0,0,0,1,0,0,0,0,0,0,244400
-0.866764305,0.156987044,-0.524174055,1.044741708,0.921721037,-0.285504061,1.893875133,0,0,0,1,0,0,0,0,0,1,1,0,0,0,0,0,0,0,0,0,0,0,0,0,0,0,0,1,0,0,360000
-0.27871789,-0.482543772,0.372217301,-0.488082239,-1.394313753,-0.285504061,-0.408119062,0,0,0,1,0,0,0,0,0,1,1,0,0,0,0,0,0,0,0,0,0,0,0,1,0,0,0,0,0,0,103200
-0.161108607,-0.436052726,-0.524174055,-1.466480503,-1.683818102,-0.285504061,-0.122072446,0,0,0,1,0,0,0,0,0,1,1,0,0,0,0,0,0,0,0,0,0,0,0,0,0,0,0,0,1,0,102000
2.426295619,-0.812630191,0.372217301,0.294636372,-0.236296358,3.584245854,-0.784974127,0,0,0,0,1,0,0,0,0,1,0,0,0,1,0,0,0,0,0,0,0,0,0,1,0,0,0,0,0,0,151000
-0.161108607,-0.001082509,-0.524174055,0.685995678,0.728718138,-0.285504061,1.41032014,0,0,0,1,0,0,0,0,0,1,1,0,0,0,0,0,0,0,0,0,0,1,0,0,0,0,0,0,0,0,285000
-0.161108607,0.597908116,-1.42056541,-0.390242413,-1.249561578,-0.285504061,-2.410445374,0,0,0,1,0,0,0,0,0,1,1,0,0,0,0,0,0,0,0,0,0,0,0,0,0,0,0,0,0,1,134432
-0.161108607,-0.181188817,-1.42056541,-0.846828269,-1.683818102,-0.285504061,-0.741840114,0,0,0,1,0,0,0,0,0,1,1,0,0,0,0,0,0,0,0,0,0,0,0,0,0,0,0,1,0,0,113000
-0.161108607,0.285302329,-0.524174055,0.620769127,0.294461615,-0.285504061,0.213918817,0,0,0,1,0,0,1,0,0,0,1,0,0,0,0,0,0,0,0,0,0,1,0,0,0,0,0,0,0,0,187500
-0.161108607,-0.324474218,0.372217301,-1.075121197,0.487464514,-0.285504061,-0.58746575,0,0,0,0,1,1,0,0,0,0,1,0,0,0,0,0,0,0,0,0,0,0,0,0,0,0,0,0,1,0,125500
2.426295619,-0.797102182,-0.524174055,0.946901881,0.728718138,-0.285504061,-0.694165678,0,1,0,0,0,0,0,0,0,1,0,0,0,1,0,0,0,0,0,0,0,0,0,1,0,0,0,0,0,0,177500
0.544547091,-0.124562725,2.165000012,-0.19456276,0.680467413,-0.285504061,0.356942125,0,0,0,1,0,0,0,0,0,1,1,0,0,0,0,0,0,0,1,0,0,0,0,0,0,0,0,0,0,0,179900
-0.866764305,-0.183885298,-0.524174055,-0.618535341,-1.587316652,-0.285504061,-1.184531305,1,0,0,0,0,0,0,0,0,1,1,0,0,0,0,0,0,0,0,0,0,0,0,0,0,0,0,0,1,0,55993
0.544547091,0.008401664,-0.524174055,0.16418327,-0.429299257,-0.285504061,-0.342282936,0,0,0,1,0,0,0,0,0,1,1,0,0,0,0,0,0,0,0,0,0,0,0,1,0,0,0,0,0,0,132500
0.074109959,-0.679851767,2.165000012,-0.814214994,0.34271234,-0.285504061,-0.932537858,0,0,0,0,1,0,0,0,0,1,1,0,0,0,0,0,0,0,0,0,0,1,0,0,0,0,0,0,0,0,135000
0.074109959,0.062982151,-0.524174055,1.012128432,0.825219588,-0.285504061,0.007329595,0,0,0,1,0,1,0,0,0,0,1,0,0,0,0,0,0,0,0,0,0,0,0,0,0,0,0,1,0,0,255000
0.309328525,-0.036229739,0.372217301,-1.62954688,-1.683818102,-0.285504061,-1.102803701,0,0,0,0,1,0,0,0,0,1,1,0,0,0,0,0,0,0,0,0,0,0,0,0,0,0,1,0,0,0,140000
-0.866764305,0.239462158,-0.524174055,1.012128432,0.825219588,-0.285504061,1.149245847,0,0,0,1,0,0,1,0,0,0,1,0,0,0,0,0,0,0,0,0,1,0,0,0,0,0,0,0,0,0,271000
1.485421355,-0.617832713,-0.524174055,1.142581534,1.018222487,-0.285504061,0.667961065,0,0,0,1,0,0,0,0,0,1,0,0,0,0,1,0,0,0,0,0,0,0,0,0,0,0,0,1,0,0,246578
1.485421355,-0.34725483,-0.524174055,1.109968259,1.018222487,-0.285504061,0.6952036,0,0,0,1,0,0,0,0,0,1,0,0,0,0,1,0,0,0,0,0,0,0,0,0,0,0,0,1,0,0,202500
2.426295619,-0.807888105,-0.524174055,-0.031496382,-0.718803606,-0.285504061,-1.170910038,0,0,0,0,1,0,0,0,0,1,0,0,0,1,0,0,0,0,0,0,1,0,0,0,0,0,0,0,0,0,75000
2.426295619,-0.815419654,-0.524174055,0.001116893,-0.670552881,-0.285504061,-0.673733777,0,0,0,0,1,0,0,0,0,1,0,0,0,0,1,0,0,0,0,0,0,1,0,0,0,0,0,0,0,0,122500
-0.631545739,-0.491841981,0.372217301,-1.62954688,-0.815305055,-0.285504061,0.025491285,0,0,0,1,0,1,0,0,0,0,1,0,0,0,0,0,0,0,0,0,0,0,0,1,0,0,0,0,0,0,108480
-0.161108607,-0.101317202,1.268608656,-1.009894646,-1.683818102,-0.285504061,-0.757731592,0,0,0,1,0,0,0,0,0,1,1,0,0,0,0,0,0,0,0,0,0,0,0,1,0,0,0,0,0,0,160000
0.544547091,-0.075282217,0.372217301,0.196796546,-0.381048532,-0.285504061,0.077706143,0,0,0,1,0,0,0,0,0,1,1,0,0,0,0,0,0,0,0,0,0,0,0,0,1,0,0,0,0,0,171000
1.485421355,-0.49360864,-0.524174055,1.109968259,0.969971762,-0.285504061,0.554450503,0,0,0,1,0,0,0,0,0,1,0,0,0,1,0,0,0,0,0,0,0,0,0,0,0,0,0,1,0,0,196000
-0.866764305,-0.268684964,2.165000012,-0.748988443,0.825219588,-0.285504061,-0.376336105,0,0,0,1,0,0,0,0,0,1,1,0,0,0,0,0,0,0,0,0,0,0,0,1,0,0,0,0,0,0,225000
1.485421355,-0.685616656,-0.524174055,1.109968259,0.969971762,-0.285504061,0.42050804,0,1,0,0,0,0,0,0,0,1,0,0,0,0,1,0,0,0,0,0,0,0,0,1,0,0,0,0,0,0,197000
0.309328525,-0.203597501,-1.42056541,-1.662160155,-1.683818102,-0.285504061,-0.93707828,1,0,0,0,0,0,0,0,0,1,1,0,0,0,0,0,0,0,1,0,0,0,0,0,0,0,0,0,0,0,40000
2.426295619,-0.748007639,-0.524174055,0.914288606,0.728718138,-0.285504061,-0.208340473,0,1,0,0,0,0,0,0,0,1,0,0,0,1,0,0,0,0,0,0,0,0,0,1,0,0,0,0,0,0,172500
-0.161108607,-0.279749833,0.372217301,-1.62954688,-1.683818102,-0.285504061,-0.750920959,0,0,0,1,0,0,0,1,0,0,1,0,0,0,0,0,0,0,0,0,0,0,0,0,0,0,0,0,1,0,154900
-0.866764305,5.585560411,-0.524174055,0.131569995,-0.477549982,-0.285504061,1.069788454,0,0,0,1,0,0,0,0,0,1,1,0,0,0,0,0,0,0,0,0,0,0,0,0,1,0,0,0,0,0,280000
0.074109959,1.039759008,-0.524174055,0.81644878,0.583965964,-0.285504061,-0.755461381,0,0,0,1,0,0,0,1,0,0,1,0,0,0,0,0,0,0,0,0,0,1,0,0,0,0,0,0,0,0,175000
0.309328525,3.33E-05,1.268608656,-1.662160155,0.583965964,-0.285504061,-0.884863422,0,0,0,0,1,0,0,0,0,1,1,0,0,0,0,0,0,0,0,0,0,0,0,0,0,0,0,1,0,0,147000
0.074109959,-0.138510038,-0.524174055,0.88167533,0.632216689,-0.285504061,0.926765146,0,0,0,1,0,0,0,0,0,1,1,0,0,0,0,0,0,0,0,0,0,0,0,0,0,0,0,1,0,0,315000
-0.866764305,-0.208246606,-0.524174055,1.044741708,0.873470313,-0.285504061,0.624827051,0,0,0,1,0,0,0,0,0,1,1,0,0,0,0,0,0,0,0,0,0,0,0,0,0,0,0,1,0,0,185000
0.544547091,-0.087369889,-0.524174055,-0.129336209,-0.86355578,2.749593911,-0.185638361,0,0,0,1,0,0,0,0,0,1,1,0,0,0,0,0,0,0,0,0,0,0,0,0,0,0,0,1,0,0,135500
0.074109959,-0.080117286,-0.524174055,0.783835504,0.487464514,-0.285504061,0.150352903,0,0,0,1,0,0,0,0,0,1,1,0,0,0,0,0,0,0,0,0,0,0,0,0,0,0,0,1,0,0,239500
-0.866764305,-0.174215161,0.372217301,-0.259789311,-1.056558679,-0.285504061,0.134461424,0,0,0,1,0,1,0,0,0,0,1,0,0,0,0,0,0,0,0,0,0,0,0,0,0,0,0,1,0,0,139000
-0.161108607,-0.21289571,-0.524174055,-1.009894646,0.728718138,-0.285504061,-0.27644681,0,0,0,1,0,0,0,0,0,1,1,0,0,0,0,0,0,0,0,0,0,0,0,0,0,0,0,0,1,0,140000
-0.866764305,-0.112753999,-0.524174055,-0.161949484,-0.911806505,-0.285504061,-0.448982864,0,0,0,1,0,1,0,0,0,0,1,0,0,0,0,0,0,0,0,0,0,1,0,0,0,0,0,0,0,0,110000
0.074109959,0.258895415,-0.524174055,0.620769127,0.294461615,-0.285504061,-0.821297507,0,0,0,1,0,0,0,0,0,1,1,0,0,0,0,0,0,0,0,0,0,1,0,0,0,0,0,0,0,0,225000
-0.866764305,-0.231771075,-0.524174055,0.196796546,-0.381048532,-0.285504061,-0.912105957,0,0,0,1,0,0,0,0,0,1,1,0,0,0,0,0,0,0,0,0,0,0,0,0,1,0,0,0,0,0,143500
-0.866764305,-0.127352187,-0.524174055,-0.390242413,-1.249561578,-0.285504061,-0.253744698,0,0,0,1,0,0,0,0,0,1,1,0,0,0,0,0,0,0,0,0,0,0,0,0,1,0,0,0,0,0,128950
2.426295619,-0.693613116,-0.524174055,0.914288606,0.680467413,-0.285504061,-0.755461381,0,1,0,0,0,0,0,0,0,1,0,0,0,0,1,0,0,0,0,0,0,0,0,1,0,0,0,0,0,0,172500
-0.866764305,2.642026384,1.268608656,-0.55330879,0.969971762,6.435973324,0.733797191,0,0,0,1,0,0,1,0,0,0,1,0,0,0,0,0,0,0,0,0,0,0,0,0,1,0,0,0,0,0,241500
-0.866764305,-0.157106456,-0.524174055,1.207808085,1.114723937,-0.285504061,1.144705425,0,1,0,0,0,0,0,0,0,1,1,0,0,0,0,0,0,0,0,0,0,0,0,0,0,0,0,1,0,0,262500
1.485421355,-0.62926951,-0.524174055,1.142581534,1.066473212,-0.285504061,0.445480364,0,0,0,1,0,0,0,0,0,1,0,0,0,0,1,0,0,0,0,0,0,0,0,0,0,0,0,1,0,0,194201
0.544547091,-0.234932466,0.372217301,-0.390242413,-1.249561578,1.573493447,0.186676282,0,0,0,1,0,0,0,0,0,1,1,0,0,0,0,0,0,0,0,0,0,1,0,0,0,0,0,0,0,0,143000
0.544547091,-0.349579383,-1.42056541,-0.422855688,-1.297812303,1.573493447,0.000518961,0,0,0,1,0,0,0,0,0,1,1,0,0,0,0,0,0,0,0,0,0,0,0,0,0,0,0,0,1,0,130000
0.779765657,-0.052501605,-0.524174055,0.196796546,-0.381048532,-0.285504061,-2.410445374,0,0,0,1,0,0,0,0,0,1,0,0,1,0,0,0,0,0,0,0,0,0,0,0,1,0,0,0,0,0,126000
-0.866764305,0.247365636,-0.524174055,0.098956719,-0.525800706,-0.285504061,-0.448982864,0,0,0,1,0,0,0,0,0,1,1,0,0,0,0,0,0,0,0,0,0,1,0,0,0,0,0,0,0,0,142500
1.485421355,-0.413737025,-0.524174055,1.142581534,1.018222487,-0.285504061,0.595314305,0,0,0,1,0,0,0,0,0,1,0,0,0,0,1,0,0,0,0,0,0,0,0,1,0,0,0,0,0,0,254000
-0.866764305,0.213334191,0.372217301,0.196796546,-0.381048532,0.643994693,0.835956696,0,0,0,1,0,0,0,0,0,1,1,0,0,0,0,0,0,0,0,0,0,0,0,0,1,0,0,0,0,0,217500
-0.161108607,-0.462087712,0.372217301,-0.977281371,-1.683818102,-0.285504061,-0.875782577,0,0,0,0,1,0,0,0,0,1,1,0,0,0,0,0,0,0,0,0,0,0,0,0,0,0,0,0,1,0,66500
-0.866764305,-0.164080113,-0.524174055,1.17519481,1.066473212,-0.285504061,0.917684301,0,0,0,1,0,0,0,0,0,1,1,0,0,0,0,0,0,0,0,0,0,0,0,0,0,0,0,1,0,0,201000
-0.866764305,0.15903265,1.268608656,-0.422855688,0.632216689,-0.285504061,0.34786128,0,0,0,1,0,0,0,0,0,1,1,0,0,0,0,0,0,0,0,0,0,0,0,0,0,0,0,0,1,0,155000
-0.161108607,-0.296579591,-1.42056541,-1.662160155,-1.683818102,-0.285504061,-0.82583793,1,0,0,0,0,0,0,0,0,1,1,0,0,0,0,0,0,0,0,0,0,0,0,1,0,0,0,0,0,0,68400
-0.631545739,0.010261306,0.372217301,-1.433867227,1.066473212,-0.285504061,-0.921186802,0,0,0,1,0,0,0,0,0,1,1,0,0,0,0,0,0,0,0,0,0,0,0,0,0,0,0,0,1,0,64500
0.074109959,-0.145018784,2.165000012,-0.161949484,0.728718138,0.119175668,-0.594276383,0,0,0,1,0,0,0,0,0,1,1,0,0,0,0,0,0,0,0,0,0,1,0,0,0,0,0,0,0,0,173000
-0.161108607,-0.183885298,1.268608656,-2.314425665,-1.683818102,-0.285504061,-0.46033392,1,0,0,0,0,0,0,0,0,1,1,0,0,0,0,0,0,0,0,0,0,0,0,1,0,0,0,0,0,0,102776
-0.866764305,0.038155933,1.268608656,-0.814214994,1.018222487,-0.285504061,-2.410445374,0,0,0,1,0,0,0,0,0,1,1,0,0,0,0,0,0,0,0,0,0,0,0,1,0,0,0,0,0,0,84900
0.074109959,-0.279377905,-0.524174055,0.718608953,0.439213789,-0.285504061,-0.828108141,0,0,0,1,0,0,0,0,0,1,1,0,0,0,0,0,0,0,0,0,0,1,0,0,0,0,0,0,0,0,165600
-0.866764305,-0.312200582,0.372217301,-0.390242413,-1.249561578,-0.285504061,-0.448982864,0,0,0,1,0,0,0,0,0,1,1,0,0,0,0,0,0,0,0,0,0,0,0,0,0,0,0,0,0,1,120000
-0.866764305,0.599767757,0.372217301,-0.488082239,-1.394313753,-0.285504061,0.16397417,0,0,0,1,0,0,0,0,0,1,1,0,0,0,0,0,0,0,0,0,0,0,0,0,0,0,0,1,0,0,135000
0.074109959,-0.0603121,-0.524174055,0.685995678,0.34271234,-0.285504061,-0.34909357,0,0,0,1,0,0,0,0,0,1,1,0,0,0,0,0,0,0,0,0,0,1,0,0,0,0,0,0,0,0,220000
0.309328525,-0.18221162,1.268608656,-1.825226533,0.873470313,-0.285504061,-0.82583793,0,0,0,1,0,0,0,0,0,1,1,0,0,0,0,0,0,0,0,0,0,0,0,0,0,0,0,0,1,0,153575
-0.866764305,-0.365200374,-0.524174055,1.17519481,1.066473212,-0.285504061,0.331969802,0,0,0,1,0,0,0,0,0,1,1,0,0,0,0,0,0,0,0,0,0,0,0,0,0,0,0,1,0,0,195400
0.662156374,-0.150690692,0.372217301,0.685995678,0.34271234,-0.285504061,-0.285527655,0,0,0,1,0,0,0,0,0,1,1,0,0,0,0,0,0,0,0,0,0,1,0,0,0,0,0,0,0,0,147000
0.074109959,0.341649475,-0.524174055,0.555542576,0.197960165,-0.285504061,0.216189029,0,0,0,1,0,0,0,0,0,1,1,0,0,0,0,0,0,0,0,0,0,0,0,0,1,0,0,0,0,0,277000
1.485421355,-0.248972761,-0.524174055,0.294636372,-0.236296358,0.466947311,-0.315040401,0,0,0,1,0,0,0,0,0,1,0,0,0,0,1,0,0,0,0,0,0,0,0,0,1,0,0,0,0,0,143000
-0.631545739,-0.201737859,2.165000012,-1.401253952,0.873470313,-0.285504061,-0.993833561,0,0,0,0,1,0,0,0,0,1,1,0,0,0,0,0,0,0,0,0,0,0,0,0,0,0,0,1,0,0,105900
0.544547091,0.054427799,1.268608656,-0.129336209,1.066473212,-0.285504061,-0.798595395,0,0,0,1,0,1,0,0,0,0,1,0,0,0,0,0,0,0,0,0,0,0,0,0,0,0,0,0,1,0,242000
0.074109959,-0.114985569,1.268608656,0.718608953,0.873470313,-0.285504061,-0.149314981,0,0,0,1,0,0,1,0,0,0,1,0,0,0,0,0,0,0,0,0,0,1,0,0,0,0,0,0,0,0,194500
0.074109959,0.27823569,-0.524174055,1.142581534,1.018222487,-0.285504061,0.790552472,0,0,0,1,0,0,1,0,0,0,1,0,0,0,0,0,0,0,0,0,0,0,0,0,0,0,0,1,0,0,438780
0.074109959,-0.145948605,0.372217301,0.098956719,-0.525800706,-0.285504061,-0.364985048,0,0,0,1,0,0,0,0,0,1,1,0,0,0,0,0,0,0,0,0,0,1,0,0,0,0,0,0,0,0,185000
3.131951317,-0.343070636,1.268608656,-1.98829291,0.294461615,-0.285504061,0.125380579,0,0,0,1,0,0,0,0,0,1,0,1,0,0,0,0,0,0,0,0,0,0,0,1,0,0,0,0,0,0,107500
0.544547091,-0.143159143,-0.524174055,-0.292402586,-1.104809404,-0.285504061,0.084516777,0,0,0,1,0,1,0,0,0,0,1,0,0,0,0,0,0,0,0,0,0,0,0,0,1,0,0,0,0,0,165000
-0.866764305,0.290230379,0.372217301,0.5229293,0.101458716,-0.03257923,0.114029523,0,0,0,1,0,0,0,0,0,1,1,0,0,0,0,0,0,0,0,0,0,1,0,0,0,0,0,0,0,0,176000
1.485421355,-0.601188918,1.268608656,0.16418327,-0.429299257,-0.285504061,-0.049425686,0,0,0,0,1,0,0,0,0,1,0,0,0,0,1,0,0,0,0,0,1,0,0,0,0,0,0,0,0,0,129900
-0.866764305,-0.436052726,-0.524174055,-0.748988443,-1.683818102,0.78310335,-0.619248707,0,0,0,0,1,0,0,0,0,1,1,0,0,0,0,0,0,0,0,0,0,0,0,0,0,0,0,1,0,0,115000
0.074109959,1.045151969,-0.524174055,1.109968259,0.969971762,-0.285504061,-0.748650748,0,0,0,1,0,0,0,0,0,1,1,0,0,0,0,0,0,0,0,0,0,0,0,0,0,0,0,1,0,0,192140
0.544547091,0.008773593,-0.524174055,0.653382402,0.34271234,-0.285504061,-1.538684258,0,0,0,1,0,0,0,1,0,0,1,0,0,0,0,0,0,0,0,0,0,1,0,0,0,0,0,0,0,0,160000
-0.161108607,-0.143717035,-0.524174055,-1.009894646,-0.139794908,-0.285504061,-0.405848851,0,0,0,1,0,0,0,0,0,1,1,0,0,0,0,0,0,0,0,0,0,0,0,1,0,0,0,0,0,0,145000
-0.631545739,-0.491841981,0.372217301,-1.662160155,-1.683818102,-0.285504061,-0.841729408,0,0,0,1,0,1,0,0,0,0,1,0,0,0,0,0,0,0,0,0,0,0,0,0,0,0,0,0,1,0,86000
-0.866764305,0.08027682,-0.524174055,-0.096722933,-0.815305055,-0.285504061,-0.024453363,0,0,0,1,0,0,0,0,0,1,1,0,0,0,0,0,0,0,0,0,0,0,0,0,1,0,0,0,0,0,158000
1.485421355,-0.618018677,-0.524174055,0.196796546,-0.381048532,-0.285504061,0.01641044,0,0,0,1,0,0,0,0,0,1,0,0,0,0,1,0,0,0,0,0,0,0,0,0,1,0,0,0,0,0,127500
-0.161108607,-0.626666011,2.165000012,-1.466480503,0.921721037,-0.285504061,-0.553412581,0,0,0,0,1,0,0,0,0,1,1,0,0,0,0,0,0,0,0,0,0,0,0,1,0,0,0,0,0,0,115000
2.426295619,-0.837735356,1.268608656,0.033730168,-0.622302156,-0.285504061,-0.980212294,0,0,0,0,1,0,0,0,0,1,0,0,0,1,0,0,0,0,0,0,1,0,0,0,0,0,0,0,0,0,119500
0.074109959,-0.328844377,-0.524174055,0.685995678,0.34271234,-0.285504061,-0.682814622,0,0,0,1,0,0,0,0,0,1,1,0,0,0,0,0,0,0,0,0,0,0,0,0,0,0,0,1,0,0,175900
0.074109959,-0.064124366,-0.524174055,0.783835504,0.535715239,-0.285504061,0.359212337,0,0,0,1,0,0,0,0,0,1,1,0,0,0,0,0,0,0,0,0,0,0,0,0,0,0,0,1,0,0,240000
-0.866764305,0.328817947,-0.524174055,1.142581534,1.018222487,-0.285504061,1.982413372,0,0,0,1,0,1,0,0,0,0,1,0,0,0,0,0,0,0,0,0,0,0,0,0,0,0,0,1,0,0,395000
-0.866764305,0.052103247,0.372217301,0.196796546,-0.381048532,-0.285504061,0.331969802,0,0,0,1,0,0,0,0,0,1,1,0,0,0,0,0,0,0,0,0,0,0,0,0,1,0,0,0,0,0,165000
-0.866764305,-0.003686007,0.372217301,0.16418327,-0.429299257,4.216557932,-0.380876527,0,0,0,1,0,1,0,0,0,0,1,0,0,0,0,0,0,0,0,0,0,1,0,0,0,0,0,0,0,0,128200
0.544547091,0.196225486,-0.524174055,0.588155851,0.197960165,-0.285504061,1.035735285,0,0,0,1,0,0,0,0,0,1,1,0,0,0,0,0,0,0,0,0,0,0,0,0,0,0,0,0,1,0,275000
-0.866764305,-0.118425907,-0.524174055,1.17519481,1.066473212,-0.285504061,1.507939223,0,0,0,1,0,0,0,0,0,1,1,0,0,0,0,0,0,0,0,0,1,0,0,0,0,0,0,0,0,0,311872
0.074109959,0.363407284,-0.524174055,1.17519481,1.066473212,-0.285504061,-0.380876527,0,0,0,1,0,0,1,0,0,0,1,0,0,0,0,0,0,0,0,0,0,0,0,0,0,0,0,1,0,0,214000
1.485421355,-0.575525862,-0.524174055,0.88167533,0.632216689,-0.285504061,0.397805928,0,0,0,0,1,0,0,1,0,0,0,0,0,0,1,0,0,0,0,0,0,0,0,0,0,0,0,1,0,0,153500
1.485421355,-0.581569697,-0.524174055,1.044741708,0.921721037,-0.285504061,-0.485306244,0,0,0,0,1,0,0,0,0,1,0,0,0,0,1,0,0,0,0,0,0,0,0,0,0,0,0,1,0,0,144000
-0.866764305,-0.023770139,-0.524174055,-0.520695514,-1.442564478,-0.285504061,-0.12888308,0,0,0,1,0,0,0,0,0,1,1,0,0,0,0,0,0,0,0,0,0,0,0,0,1,0,0,0,0,0,115000
0.544547091,-0.273334069,-0.524174055,0.946901881,0.728718138,-0.285504061,-1.538684258,0,0,0,1,0,0,0,0,0,1,1,0,0,0,0,0,0,0,0,0,0,0,0,0,0,0,0,1,0,0,180000
-0.866764305,0.297668947,-0.524174055,1.142581534,1.018222487,-0.285504061,2.302513156,0,0,0,1,0,0,0,0,0,1,1,0,0,0,0,0,0,0,0,0,0,0,0,0,0,0,0,1,0,0,465000
1.485421355,-0.492306891,-0.524174055,0.718608953,0.390963065,-0.285504061,0.624827051,0,0,0,1,0,0,0,0,0,1,0,0,0,0,1,0,0,0,0,0,0,1,0,0,0,0,0,0,0,0,180000
0.074109959,-0.094343545,-0.524174055,1.109968259,0.969971762,-0.285504061,0.116299734,0,0,0,1,0,0,0,0,0,1,1,0,0,0,0,0,0,0,0,0,0,0,0,0,0,0,0,1,0,0,253000
2.426295619,-0.75293569,-2.316956766,0.16418327,-0.429299257,1.181459959,-1.19361215,0,0,0,0,1,0,0,0,0,1,0,0,0,0,1,0,0,0,0,0,1,0,0,0,0,0,0,0,0,0,85000
0.779765657,-0.078815536,-0.524174055,-0.292402586,-1.104809404,-0.285504061,-2.410445374,0,0,0,1,0,0,0,1,0,0,0,0,1,0,0,0,0,0,0,0,0,1,0,0,0,0,0,0,0,0,101800
-0.866764305,-0.180351979,0.372217301,-0.031496382,-0.718803606,-0.285504061,-0.135693713,0,0,0,1,0,0,0,0,0,1,1,0,0,0,0,0,0,0,0,0,0,0,0,1,0,0,0,0,0,0,148500
2.426295619,-0.759444436,-0.524174055,1.077354983,0.921721037,-0.285504061,-0.208340473,0,0,0,0,1,0,0,0,0,1,0,0,0,1,0,0,0,0,0,0,0,0,0,0,0,0,0,1,0,0,137500
1.485421355,-0.266825322,-0.524174055,1.17519481,1.066473212,-0.285504061,1.83257943,0,0,0,1,0,0,0,0,0,1,0,0,0,0,1,0,0,0,0,0,0,0,0,1,0,0,0,0,0,0,318061
-0.866764305,1.339440284,2.165000012,-0.096722933,0.873470313,-0.285504061,0.851848175,0,0,0,1,0,0,0,0,0,1,1,0,0,0,0,0,0,0,0,0,0,0,0,0,0,0,0,0,1,0,143000
-0.161108607,0.022348978,0.372217301,-0.846828269,-1.683818102,-0.285504061,-0.337742513,0,0,0,1,0,0,0,0,0,1,1,0,0,0,0,0,0,0,0,0,0,0,0,1,0,0,0,0,0,0,140000
0.074109959,0.308361887,-0.524174055,1.012128432,0.825219588,-0.285504061,-0.285527655,0,0,0,1,0,0,0,0,0,1,1,0,0,0,0,0,0,0,0,0,0,0,0,0,0,0,0,1,0,0,192500
2.896732751,-0.851403723,1.268608656,-0.031496382,-0.718803606,-0.285504061,-0.980212294,0,0,0,0,1,0,0,0,0,1,0,0,0,1,0,0,0,0,0,0,1,0,0,0,0,0,0,0,0,0,92000
0.074109959,-0.238465785,-0.524174055,1.142581534,1.018222487,-0.285504061,-0.66238272,0,1,0,0,0,0,0,0,0,1,1,0,0,0,0,0,0,0,0,0,0,0,0,0,0,0,0,1,0,0,197000
-0.631545739,-0.15506085,2.165000012,-1.531707054,1.018222487,-0.285504061,-0.666923143,0,0,0,1,0,0,0,0,0,1,1,0,0,0,0,0,0,0,0,0,0,0,0,0,0,0,0,1,0,0,109500
-0.866764305,-0.004894775,-0.524174055,1.17519481,1.114723937,-0.285504061,1.460264787,0,0,0,1,0,0,0,0,0,1,1,0,0,0,0,0,0,0,0,0,0,0,0,0,0,0,0,1,0,0,297000
-0.866764305,-0.14260125,1.268608656,-0.096722933,-0.815305055,-0.285504061,0.96989916,0,0,0,1,0,0,0,0,0,1,1,0,0,0,0,0,0,0,1,0,0,0,0,0,0,0,0,0,0,0,185750
0.074109959,0.160892292,-0.524174055,0.979515157,0.776968863,-0.285504061,-0.267365965,0,0,0,1,0,0,0,0,0,1,1,0,0,0,0,0,0,0,0,0,0,0,0,0,0,0,0,1,0,0,230000
-0.631545739,-0.443026383,1.268608656,-1.107734473,0.728718138,-0.285504061,-0.351363781,0,0,0,0,1,0,0,0,0,1,1,0,0,0,0,0,0,0,0,0,0,0,0,0,0,0,1,0,0,0,89471
-0.866764305,0.508459345,-0.524174055,1.109968259,0.969971762,-0.285504061,1.06297782,0,0,0,1,0,0,0,0,0,1,1,0,0,0,0,0,0,0,0,0,0,0,0,0,0,0,0,1,0,0,260000
0.074109959,-0.23158511,-0.524174055,1.109968259,0.969971762,-0.285504061,-0.757731592,0,0,0,1,0,0,0,0,0,1,1,0,0,0,0,0,0,0,0,0,0,0,0,0,0,0,0,0,0,1,189000
0.309328525,-0.149295961,-0.524174055,-1.009894646,-1.683818102,-0.285504061,-0.696435889,0,0,0,1,0,0,0,0,0,1,1,0,0,0,0,0,0,0,0,0,0,0,0,1,0,0,0,0,0,0,108000
-0.866764305,-0.238930695,1.268608656,-0.031496382,-0.718803606,-0.285504061,-0.448982864,0,0,0,1,0,0,0,0,0,1,1,0,0,0,0,0,0,0,0,0,0,0,0,1,0,0,0,0,0,0,124500
